単語,意味,発音,流派12/12,流派7/7,備考
0,0,"ネル, オ",数詞,中央正純律,綴りはnel
nel,0,ネル,数詞,中央正純律,
1,1,"ノイ, イ",数詞,中央正純律,綴りはnnoi
nnoi,1,"ノイ, イ",数詞,中央正純律,
2,2,ジ,数詞,中央正純律,綴りはzi
zi,2,ジ,数詞,中央正純律,
3,3,ドリ,数詞,中央正純律,綴りはdri
dri,3,ドリ,数詞,中央正純律,
4,4,フェフ,数詞,中央正純律,綴りはfef
fef,4,フェフ,数詞,中央正純律,
5,5,ヴィラ,数詞,中央正純律,綴りはvira
vira,5,ヴィラ,数詞,中央正純律,
6,6,イクサ,数詞,中央正純律,綴りはixe
ixe,6,イクサ,数詞,中央正純律,
7,7,ヘプト,数詞,中央正純律,綴りはhept
hept,7,ヘプト,数詞,中央正純律,
8,8,オクタ,数詞,中央正純律,綴りはoct
oct,8,オクタ,数詞,中央正純律,
9,9,ネイ,数詞,中央正純律,綴りはnei
nei,9,ネイ,数詞,中央正純律,
10,10,"デク, デ",数詞,中央正純律,綴りはdec / de
dec,10,"デク, デ",数詞,中央正純律,
100,100,"ヘク, ヘー",数詞,中央正純律,綴りはhec / he
hec,100,"ヘク, ヘー",数詞,中央正純律,
1000,1000,"キク, キィ",数詞,中央正純律,綴りはkik / ki
kik,1000,"キク, キィ",数詞,中央正純律,
10000,10000,"ミク, ミィ",数詞,中央正純律,綴りはmik / mi
mik,10000,"ミク, ミィ",数詞,中央正純律,
exa_pico,エクサピーコ,エクサピーコ,固有名詞,ヒュムノサーバー未登録,固有名詞。原初の原子核。これが謳うことで宇宙は波動を成し、人類も存在していられる。
ar_ru,アル・ルゥ,アルルゥ,固有名詞,ヒュムノサーバー未登録,
ANSUL,"統率者, 最上位",アンスル,システム,ヒュムノサーバー未登録,三体のオリジンのヒュムネコード。管理者の意。 元ネタのルーン文字では情報や知識を表すアンザス神を指す
FEHU,従属する,フェフ,システム,ヒュムノサーバー未登録,通常のβの持つヒュムネコード。従属の意。 元ネタのルーン文字では家畜の牛を指す。また富の象徴でもある。実際の読みはフェイフューだったりヒューだったり
TEIWAZ,戦神,テイワズ,システム,ヒュムノサーバー未登録,
alternation,ヒュムノス・オルタネイション,オルタネイション,ヒュムノス,ヒュムノサーバー未登録,曲名
chronicle=key,ヒュムノス・クロニクルキー,クロニクルキー,ヒュムノス,アルファ律,効能キー「封印」 効果「子守唄」
classend,ヒュムノス・クラスエンド,クラスエンド,ヒュムノス,ヒュムノサーバー未登録,曲名
cosmoflips,ヒュムノス・コスモフリプス,コスモフリプス,ヒュムノス,ヒュムノサーバー未登録,曲名
despedia,ヒュムノス・デスペディア,デスペディア,ヒュムノス,ヒュムノサーバー未登録,曲名
dishadow,ヒュムノス・ディシャドウ,ディシャドウ,ヒュムノス,ヒュムノサーバー未登録,曲名
ep=nova,ヒュムノス・イーピーノヴァ,イーピーノヴァ,ヒュムノス,ヒュムノサーバー未登録,曲名
implanta,ヒュムノス・インプランタ,インプランタ,ヒュムノス,ヒュムノサーバー未登録,曲名
haibanation,ヒュムノス・ハイバネーション,ハイバネーション,ヒュムノス,ヒュムノサーバー未登録,曲名
harmonius,ヒュムノス・ハーモニウス,ハーモニウス,ヒュムノス,中央正純律,効能キー「癒し 」 効果「心の安定」
linca,ヒュムノス・リンカ,リンカ,ヒュムノス,中央正純律,効能キー「接続」 効果「一体化」
metafalica,ヒュムノス・メタファリカ,メタファリカ,ヒュムノス,古メタファルス律,曲名
metafalica,ヒュムノス・メタファリカ,メタファリカ,ヒュムノス,新約パスタリエ,METHODのタイトルは新約パスタリエで登録されるため。YAMetafalica（ALTERNATIONより）も文法上正しい 曲名
metempsychosis,ヒュムノス・メテムサイコシス,メテムサイコシス,ヒュムノス,ヒュムノサーバー未登録,曲名
nearzenva,ヒュムノス・ニェァツェンヴァ,ニェァツェンヴァ,ヒュムノス,ヒュムノサーバー未登録,曲名
nullascension,ヒュムノス・ヌルアセション,ヌルアセション,ヒュムノス,ヒュムノサーバー未登録,曲名
paja,ヒュムノス・パージャ,パージャ,ヒュムノス,中央正純律,効能キー「変換」 効果「遮断」
phantasmagoria,ヒュムノス・ファンタスマゴリア,ファンタスマゴリア,ヒュムノス,アルファ律,効能キー「再生」 効果「平安」
rebirthia=protocol,ヒュムノス・リバーシアプロコトル,リバーシアプロコトル,ヒュムノス,ヒュムノサーバー未登録,曲名
re=nation,ヒュムノス・リネイション,リネイション,ヒュムノス,中央正純律,効能キー「再生」 効果「再起動」
replekia,ヒュムノス・レプレキア,レプレキア,ヒュムノス,ヒュムノサーバー未登録,曲名
rig=veda,ヒュムノス・リグヴェーダ,リグヴェーダ,ヒュムノス,古メタファルス律,曲名
seed,ヒュムノス・シード,シード,ヒュムノス,ヒュムノサーバー未登録,曲名
sublimation,ヒュムノス・サブリメイション,サブリメイション,ヒュムノス,ヒュムノサーバー未登録,曲名
suspend,ヒュムノス・サスペンド,サスペンド,ヒュムノス,中央正純律,効能キー「停止」 効果「休止」
sol=fage,ヒュムノス・ソルフェージュ,ソルフェージュ,ヒュムノス,ヒュムノサーバー未登録,曲名
soporifique,ヒュムノス・ソポリフィクエ,ソポリフィクエ,ヒュムノス,ヒュムノサーバー未登録,曲名
vanisland,ヒュムノス・バニスランド,バニスランド,ヒュムノス,ヒュムノサーバー未登録,曲名
viena,ヒュムノス・ヴィーナ,ヴィーナ,ヒュムノス,ヒュムノサーバー未登録,曲名
visiondance,ヒュムノス・ヴィジョンダンス,ヴィジョンダンス,ヒュムノス,ヒュムノサーバー未登録,曲名
z,ヒュムノス・ズィー,ズィー,ヒュムノス,ヒュムノサーバー未登録,曲名
extracting,エクストラクティング,エクストラクティング,ヒュムノス,ヒュムノサーバー未登録,誰が紡いだのかを示すもの。エクストラクトでは同じ詩を別人が謳うことがあるので、この表記がなされる場合がある。
fyusion,フュージョン,フュージョン,ヒュムノス,ヒュムノサーバー未登録,元々書かれていた詩の想いより強い想いを抱いたために、本来のプログラム効果に加えて何らかの効果を及ぼすこと。またその詩。
eolia,"エオリア, シュレリア, 飛翔天",エオリア,固有名詞,ヒュムノサーバー未登録,固有名詞。アルシエルが生み出した半神の長女。空を司る。または、その名前を借りたレーヴァテイル・オリジンの初号機。第一塔アル・トネリコの管理者。
frelia,"フレリア, 碧珠天",フレリア,固有名詞,ヒュムノサーバー未登録,固有名詞。アルシエルが生み出した半神の次女。植物を司る。または、その名前を借りたレーヴァテイル・オリジンの二号機。第二塔ソル・マルタの管理者。
tilia,"ティリア, 海淼天",ティリア,固有名詞,ヒュムノサーバー未登録,固有名詞。アルシエルが生み出した半神の三女。水を司る。または、その名前を借りたレーヴァテイル・オリジンの三号機。第三塔ハーヴェスターシャの管理者。
orica,オリカ,オリカ,固有名詞,ヒュムノサーバー未登録,固有名詞。アルトネリコ１のヒロイン、オリカ・ネストミール。第三世代のランクD。好きな律は中央正純律。
misya,"ミシャ, 彌紗",ミシャ,固有名詞,ヒュムノサーバー未登録,固有名詞。アルトネリコ１のヒロイン、彌紗・アルトセルク・リューン。Β純血種。好きな律は古メタファルス律。
mule,ミュール,ミュール,固有名詞,ヒュムノサーバー未登録,固有名詞。アルトネリコ１のラスボスにして、アルトネリコ２のヒロイン。Β純血種。好きな律は古メタファルス律。
luca,"ルカ, 瑠珈",ルカ,固有名詞,ヒュムノサーバー未登録,固有名詞。アルトネリコ２のヒロイン。瑠珈・トゥルーリーワース。第三世代のランクC相当。33代目焔の御子。
chroche,"クローシェ, 聆珈",クローシェ,固有名詞,ヒュムノサーバー未登録,固有名詞。アルトネリコ２のヒロイン。クローシェ・レーテル・パスタリエ。I.P.D.のランク９。2代目澪の御子。
cocona,ココナ,ココナ,固有名詞,ヒュムノサーバー未登録,固有名詞。アルトネリコ２のヒロインにして、アルトネリコ３のヒロイン。ココナ・バーテル。I.P.D.のランク７。
nenesya,ネネシャ,ネネシャ,固有名詞,ヒュムノサーバー未登録,固有名詞。アルトネリコ２のラスボス。14代目焔の御子。
sonia,ソニア,ソニア,固有名詞,ヒュムノサーバー未登録,固有名詞。アルトネリコ２に登場。ソニア・レー・ラクーア。ニノ派のテル族であり、I.P.D.。ランク不明。
sakia,"サキア, 咲夜流命",サキア,固有名詞,ヒュムノサーバー未登録,固有名詞。アルトネリコ３のヒロイン。咲夜流命。咲_zx.零種フレードジャンクション。Γ昇華体。
finnel,フィンネル,フィンネル,固有名詞,ヒュムノサーバー未登録,固有名詞。アルトネリコ３のヒロイン。フィンネル_ax.鋳種クラスタニア。Β純血種。
akane,"アカネ, 紅禰",アカネ,固有名詞,ヒュムノサーバー未登録,固有名詞。アルトネリコ３の登場人物。紅禰_cx.御種楼翔花。Β純血種。
rikkaryosya,"リッカリョーシャ, 立華陵紗",リッカリョーシャ,固有名詞,ヒュムノサーバー未登録,固有名詞。アルトネリコ３の登場人物。立華陵紗_ox.妖種ティーダリア。Β純血種。
mute,ミュート,ミュート,固有名詞,ヒュムノサーバー未登録,固有名詞。アルトネリコ３の登場人物。ミュート_rx.響種シャリエッタ。第三世代。
horus,ホルス,ホルス,固有名詞,ヒュムノサーバー未登録,固有名詞。アルシエルが生み出した惑星の意志。惑星アルシエルの物理形成に関する全般を司る。
juklizda,"ユークリッダ, 那由他羅",ユークリッダ,固有名詞,ヒュムノサーバー未登録,コンパートメント用表記 %(ju$k!liz$)da 固有名詞。アルシエルが生み出した惑星の意志。星巡り十二神に数えられる。光と輻射、放射線、成層圏の維持管理を行う。
clyuue,"クリューエ, 六冠",クリューエ,固有名詞,ヒュムノサーバー未登録,コンパートメント用表記 #c(l#yuue 固有名詞。アルシエルが生み出した惑星の意志。星巡り十二神に数えられる。意志の中核的存在の一人。U波を司る。
soreile,"ソレイル, 蒼天帝",ソレイル,固有名詞,ヒュムノサーバー未登録,コンパートメント用表記 %so(rei!le 固有名詞。アルシエルが生み出した惑星の意志。星巡り十二神に数えられる。天候管理、大気圏の維持管理を行う。
listea,"リステア, 紅禰命",リステア,固有名詞,ヒュムノサーバー未登録,コンパートメント用表記 %li)s#)tea 固有名詞。アルシエルが生み出した惑星の意志。星巡り十二神に数えられる。H波の衝突管理、調停、淘汰方面を司る。
shelanoir,"シャラノワール, 沙羅世命",シャラノワール,固有名詞,ヒュムノサーバー未登録,固有名詞。アルシエルが生み出した惑星の意志。星巡り十二神に数えられる。植物を中心とした生命の創造を司る。
deijya,"ディジア, 泥路",ディジア,固有名詞,ヒュムノサーバー未登録,コンパートメント用表記 !dei)j#ya 固有名詞。アルシエルが生み出した惑星の意志。星巡り十二神に数えられる。マントル対流、鉱石、土等の大地管理を行う。
lere,"レーレ, 零獅姫",レーレ,固有名詞,ヒュムノサーバー未登録,コンパートメント用表記 %)le$)re 固有名詞。アルシエルが生み出した惑星の意志。星巡り十二神に数えられる。生命の創造神の中核的存在。H波を司る。
saki,"サキ, サキヤルメイ, 咲夜琉命",サキ,固有名詞,ヒュムノサーバー未登録,コンパートメント用表記 saki 固有名詞。アルシエルが生み出した惑星の意志。星巡り十二神に数えられる。動物を中心とした生命の創造を司る。
salapator,"サラパトゥール, 堕天后",サラパトゥール,固有名詞,ヒュムノサーバー未登録,コンパートメント用表記 #)sa!lapa#to&r 固有名詞。アルシエルが生み出した惑星の意志。星巡り十二神に数えられる。H波の衝突管理、融和、共鳴方面を司る。
soma,"ソーマ, 蒼痲ノ宮",ソーマ,固有名詞,ヒュムノサーバー未登録,コンパートメント用表記 &so&ma 固有名詞。アルシエルが生み出した惑星の意志。星巡り十二神に数えられる。淘汰による均衡、世界維持を司る。
sasya,"サーシャ, 紗々ノ宮",サーシャ,固有名詞,ヒュムノサーバー未登録,コンパートメント用表記 %&sa)s#ya 固有名詞。アルシエルが生み出した惑星の意志。星巡り十二神に数えられる。D波管理、物質秩序管理を行う。
hymmnosphere,"ヒュムノスフィア, 珠洲ノ宮",ヒュムノスフィア,固有名詞,ヒュムノサーバー未登録,コンパートメント用表記 %(hy$)m%mno#&sp)he#re 固有名詞。アルシエルが生み出した惑星の意志。星巡り十二神に数えられる。3次元世界全般の創造母体。D波を司る。
filament,"フィラメント, 黒螺",フィラメント,固有名詞,ヒュムノサーバー未登録,固有名詞。アルシエルが生み出した惑星の意志。世界永続の為の均衡管理を行う。
yurishica,"ユリシカ, 紅蓮帝",ユリシカ,固有名詞,ヒュムノサーバー未登録,固有名詞。アルシエルが生み出した惑星の意志。人類進化の促進と啓示を行う。
sieryek,"シェリーク, 雷哭美子",シェリーク,固有名詞,ヒュムノサーバー未登録,固有名詞
liarsha,リーシャ,リーシャ,固有名詞,ヒュムノサーバー未登録,固有名詞
ar=tonelico,アル・トネリコ,アルトネリコ,固有名詞,ヒュムノサーバー未登録,固有名詞。唯一のご神木。テル族と共同開発された大地からそびえ立つ第一塔。ここに所属するレーヴァテイルはA.T.Dと省略される。
infel=phira,インフェル・ピラ,インフェルピラ,固有名詞,ヒュムノサーバー未登録,固有名詞。愛の種。インフェルが開発した独自の詩魔法サーバー。実質的な第二塔。ここに所属するレーヴァテイルはI.P.D.と省略される。
el=duel,エル・デュエル,エルデュエル,固有名詞,ヒュムノサーバー未登録,固有名詞
el=nemesys,エル・ネメシス,エルネメシス,固有名詞,ヒュムノサーバー未登録,固有名詞
meta=falss,メタ・ファルス,メタファルス,固有名詞,ヒュムノサーバー未登録,固有名詞
sol=cluster,ソル・クラスタ,ソルクラスタ,固有名詞,ヒュムノサーバー未登録,固有名詞
sol=marta,ソル・マルタ,ソルマルタ,固有名詞,ヒュムノサーバー未登録,固有名詞。導力中継衛星であり、開発途中の為サーバーとしての機能は持っていない。名目上の第二塔。
solin=falss,ソリン・ファルス,ソリンファルス,固有名詞,ヒュムノサーバー未登録,固有名詞
pepen,"ペペン, ぺぺん",ペペン,固有名詞,ヒュムノサーバー未登録,固有名詞。メタ・ファルスに生息するペンギンのような生物。カタカナ表記が正しい。
nyamo,にゃも,ニャモ,固有名詞,ヒュムノサーバー未登録,固有名詞？ 一体何者なんだ…！？
maoh,"マオ, 武天",マオ,固有名詞,古メタファルス律,固有名詞。神話上の人物であり、半神。
rhaplanca,ラプランカ,ラプランカ,固有名詞,古メタファルス律,固有名詞。メタ・ファルスの聖女伝説。創作上の存在であり、実在はしていない。
harvestasya,"ハーヴェスターシャ, 豊穣獅姫",ハーヴェスターシャ,固有名詞,ヒュムノサーバー未登録,固有名詞。神話上の人物であり、半神。またはソル・クラスタ地方に存在する第三塔。または、そのモジュールAI名。ここに所属するレーヴァテイルはH.D.と省略される。
myu,"ミュウ, 律詩童",ミュウ,固有名詞,ヒュムノサーバー未登録,固有名詞。神話上の人物であり、半神。
rrha,トランス状態,[ルル]ラ,想音,中央正純律,第Ⅰ想音
was,とても強烈に,ワス,想音,中央正純律,第Ⅰ想音
wee,かなり,ウィ,想音,中央正純律,第Ⅰ想音
fou,ちょっと,フォウ,想音,中央正純律,第Ⅰ想音
ma,平常心,マ,想音,中央正純律,第Ⅰ想音
nn,無気力状態,ン,想音,中央正純律,第Ⅰ想音
au,悲しい,アウ,想音,アルファ律,第Ⅱ想音
apea,幸せでぽわー,アペア,想音,クルトシエール律,第Ⅱ想音
granme,"心に勇気を抱く, 護りたいと想う",グランメ,想音,中央正純律,第Ⅱ想音
guwo,"怒る, 憤り",グウォ,想音,中央正純律,第Ⅱ想音
hellei,,ヘルレイ,想音,ヒュムノサーバー未登録,
i,焦り,イ,想音,中央正純律,第Ⅱ想音
jyel,寂しい,ジェール,想音,中央正純律,第Ⅱ想音
ki,"真剣, 集中",キ,想音,中央正純律,第Ⅱ想音
lau,,ラウ,想音,ヒュムノサーバー未登録,
num,無,ナム,想音,中央正純律,第Ⅱ想音
nyasri,"悲しい, しょんぼり",ニャスリ,想音,クルトシエール律,第Ⅱ想音
paks,ドキドキ,パクス,想音,中央正純律,第Ⅱ想音
quel,"必死, 切に想う",クエル,想音,中央正純律,第Ⅱ想音
touwaka,"望む, 心に希望を秘める",トゥワカ,想音,中央正純律,第Ⅱ想音
waa,嬉しい,ワア,想音,古メタファルス律,第Ⅱ想音
wol,"猛進, 熱血",ヴォル,想音,中央正純律,第Ⅱ想音
yant,"怖い, 恐慌状態",ヤント,想音,古メタファルス律,第Ⅱ想音
yea,嬉しい,イェア,想音,中央正純律,第Ⅱ想音
zeez,"憎悪, 憎しみ, 恨み",ジーズ,想音,ヒュムノサーバー未登録,みとせのりこ氏がライブにて発言。
zweie,"真摯, 決意を心に秘める",ツヴァイエ,想音,中央正純律,第Ⅱ想音
erra,永遠にこのままでいたい,エーラ,想音,中央正純律,第Ⅲ想音
ra,このままでいたい,ラ,想音,中央正純律,第Ⅲ想音
wa,"どちらでもない, 今有るがままの状況を受け入れる",ワ,想音,中央正純律,第Ⅲ想音
ga,はやく脱したい,ガ,想音,中央正純律,第Ⅲ想音
gaya,二度とこの状態に戻りたくない,ガヤ,想音,中央正純律,第Ⅲ想音
gagis,自分はどうなってもいい,ギャギス,想音,古メタファルス律,第Ⅲ想音
a.u.k.,"～です, ～である, be動詞に相当",アウク,動詞,新約パスタリエ,
accrroad,"あげる, 与える",アクロード,動詞,中央正純律,
acra,"きっと, 確かに",アクラ,副詞,中央正純律,高い可能性を示す語句
ad,そして,アド,副詞,ヒュムノサーバー未登録,
add,"もっと, 沢山, いっぱい, 追加する",,副詞,ヒュムノサーバー未登録,英語のaddが元？
adeal,"今日, 本日",アディアル,名詞,ヒュムノサーバー未登録,
adyya,"今日, 本日",アディーア,名詞,中央正純律,【無】
afezeria,祝福する,アフェゼリア,動詞,中央正純律,
ag,"そして, ～と",アグ,副詞,新約パスタリエ,英語で言えば「and」
agan,再び,アガン,副詞,ヒュムノサーバー未登録,
agga,"こうして, かくして",アッガ,副詞,ヒュムノサーバー未登録,
agldeio,"渦を巻く？, 埋め尽くす？",アグルディオ,不明,ヒュムノサーバー未登録,
ahjeas,承認,アジェアス,名詞,ヒュムノサーバー未登録,
aiph,もし～ならば,アィフ,副詞,中央正純律,
aje,"新しい, 新たな",アジェ,形容詞,新約パスタリエ,
akata,物語,アカタ,名詞,中央正純律,
ale,音,アーレ,名詞,新約パスタリエ,
alefio,誓い,アレフィオ,不明,ヒュムノサーバー未登録,
alroen,"証, 印",アローエン,名詞,ヒュムノサーバー未登録,
alroetsue,"贖いの, 償いの",アゥロエットューエ,形容詞,古メタファルス律,
alroetyye,"贖い, 償い",アゥロエティエ,名詞,ヒュムノサーバー未登録,
amariare,愛しい,アマリアーレ,形容詞,ヒュムノサーバー未登録,
amario,愛,アマリオ,名詞,ヒュムノサーバー未登録,
ammue,"音, （音の）波動",アミュ,名詞,クルトシエール律,
amyure,懺悔,アミュレ,名詞,ヒュムノサーバー未登録,
an,～と共に,アン,副詞,中央正純律,
annie,礎？,アンニェ,不明,ヒュムノサーバー未登録,
answa,元に戻す,,動詞,ヒュムノサーバー未登録,
anturn,"分かる？, 判明する？",アンターン,動詞,ヒュムノサーバー未登録,
anw,～を,"アンワ, アンゥ",副詞,古メタファルス律,後ろの単語とつなげて発音した時、より音がきれいに流れる発音を選択
ar,"唯一の, たった一つの, ～だけ",アル,形容詞,中央正純律,
araus,捧げる,アラウス,動詞,ヒュムノサーバー未登録,
arhou,希望,アーフー,名詞,新約パスタリエ,
arka,大樹,アルカ,名詞,ヒュムノサーバー未登録,Hymmnos Chronicle ～世界を最も愛した少女たちの詩～考案
arrya,矢,アリャ,名詞,中央正純律,
arsye,分け合う,アーシェ,動詞,中央正純律,
art,"～によって, ～ならば",アルト,副詞,中央正純律,
asyar,想い,アシャル,名詞,ヒュムノサーバー未登録,
aterra,誘う,アテーリア,動詞,ヒュムノサーバー未登録,
ates,"受け入れる, 受け止める",アテス,動詞,ヒュムノサーバー未登録,
aulla,"開く, 開放する, 開示する, 明かす",アウラ,動詞,中央正純律,
ayulsa,永遠,アユルサ,名詞,新約パスタリエ,
azit,詩の想いを封じ込める,アジット,コマンド,ヒュムノサーバー未登録,
azl,～まで（の間）？,アズル,副詞,ヒュムノサーバー未登録,
b.a.,"溢れる, 溢れ出す, 解放する？",バー,動詞,ヒュムノサーバー未登録,だばーっと溢れる、のばー？
b.s.,,,動詞,ヒュムノサーバー未登録,
badoe,"決意する, 決断する",バドゥエ,動詞,ヒュムノサーバー未登録,
balduo,"暗い, 暗黒の, 見えない",バルドゥー,形容詞,新約パスタリエ,
bale,玉,バレ,名詞,中央正純律,
bansh,（荒々しく扉などを）開く,バンシュ,動詞,中央正純律,
basilic,"大蛇, （転じて）大砲, （東洋的な）竜, 龍",バジリク,名詞,中央正純律,
bautifal,"美しい, 綺麗な",バティファル,形容詞,中央正純律,
beja,汚す,ベジャ,動詞,クルトシエール律,
beng,"以前, （時間的に）前",ベング,名詞,中央正純律,
bengnuih,"夕刻, 夕方, 黄昏れ",ベヌイ,名詞,中央正純律,beng＋nuih（夜の前）で夕暮れ
bexm,"（時間が）来る, 訪れる",ベズム,動詞,中央正純律,その時が来た、という場合の来る。『朝が来る』等。『朝になる』の時も使用可
biron,続く,ビロン,動詞,中央正純律,
bister,"獣, 野獣",ビステル,名詞,中央正純律,
bnas,,,不明,ヒュムノサーバー未登録,
boches,口,ボチェス,名詞,中央正純律,
boh,"爆発的な, 超常的な, 異常な, 尋常でない",ボッフ,形容詞,古メタファルス律,
boia,"戦い, 争い, 戦争",ボイア,名詞,ヒュムノサーバー未登録,
brinch,枝,ブリンク,名詞,中央正純律,
briyua,"喜びの, 歓喜の",ブリュア,形容詞,ヒュムノサーバー未登録,briyanteと関連する為古メタファルス律？
briyante,"歓喜の声, 喜びの声",ブリイャンテ,名詞,古メタファルス律,
burle,"青い, 青の, 青色, 蒼",ブゥレ,形容詞,中央正純律,名詞としても同形で使用可
byui,"大きい, 大きな, 大きく",ビュイ,形容詞,ヒュムノサーバー未登録,
c.m.l.,"心配する, 憂う",クンル,動詞,ヒュムノサーバー未登録,
c.z.,"変化する (名詞: 変化, 変身)",スズ,動詞,新約パスタリエ,
caan,鐘,カーン,名詞,ヒュムノサーバー未登録,みとせのりこ氏の発言で意味確定 https://twitter.com/snow_blanc/status/299097858949382144
calamila,禍い,カラミラ,名詞,ヒュムノサーバー未登録,
cause,"呪う, 苦しめる",カウゼ,動詞,古メタファルス律,
cecet,盾,ケケト,名詞,中央正純律,
ceku,"友, 友人, 同士, 同胞",セク,名詞,新約パスタリエ,
celetille,"美しい, 綺麗な, 鮮やかな, 新鮮な, 新しい",セレティル,形容詞,中央正純律,
celle,天高く,セルレ,形容詞,中央正純律,
cenjue,"変化する, 変える, 変更する",チェンジュエ,動詞,古メタファルス律,chsより強烈であり、強制力の強いもの。既に「願い」ではなく「使役」。正教語であり一般人は使えない。「na」と合わせることで、「逆言」的な効果を持って強固な意志を表現する
cerchio,可能性,チェルキオ,名詞,中央正純律,
cest,"真実, 真実の, 真の, 本当の",セスト,名詞,中央正純律,形容詞としても同形で使用可
cexm,"（人や物が）来る, 訪れる",セズム,動詞,中央正純律,物理的に移動してくる時の『来る』
chanti,"褒める, 賞讃する, 賞賛",シャンティ,動詞,中央正純律,名詞としても同形で使用可
chiess,"キスする, 口づけする, キス, 接吻",チェス,動詞,中央正純律,名詞としても同形で使用可。デスペディアにchessの誤字？有り
chs,～になる,チス,動詞,中央正純律,自分自身の形が完全に変わってしまうとき、もしくはモノの例えとして使う場合はこちら。何かと使われることが多い
chsee,～に変化する,チーセ,動詞,中央正純律,自分や対象物に何かがプラスされる、一部変化する、何かが減るといった、部分的な物理変化を意味する。
chyet,"選ばれた, 特別な",シェッ,形容詞,クルトシエール律,
cia,空,シア,名詞,新約パスタリエ,
ciel,"空, （意訳で）世界",シェール,名詞,中央正純律,
ciela,"星, （アルシエル的な地上の星）",シエラ,名詞,ヒュムノサーバー未登録,
ciellenne,天空,シエルレーニェ,名詞,中央正純律,
cietta,気付く,チェッタ,動詞,ヒュムノサーバー未登録,
clalliss,"色, 色をつける, 染める",クラリス,名詞,中央正純律,動詞としても同形で使用可
clamour,膝,クラマー,名詞,中央正純律,
clare,"透明な, 透き通った",クラレ,形容詞,中央正純律,
clemezen,"狂った, 気が触れた, 狂気",クレムゼン,形容詞,中央正純律,名詞としても同形で使用可
clyncye,"純粋, 無色",クリンシェ,名詞,クルトシエール律,
coall,"戻る, 還る",コール,動詞,ヒュムノサーバー未登録,
col,～できる（可能の副詞？）,コル,副詞,ヒュムノサーバー未登録,
colga,氷,クオルガ,名詞,中央正純律,
colgen,"氷る, 凍る, 凍てつく",クオルゲン,動詞,ヒュムノサーバー未登録,
colmask,"姿, 様子, 在り様",コルマスク,不明,ヒュムノサーバー未登録,
coree,宿る,コレー,動詞,ヒュムノサーバー未登録,
corle,心,コルレ,名詞,ヒュムノサーバー未登録,
corpu,肉体,クォルプ,名詞,ヒュムノサーバー未登録,
crannidale,分かち合う,クラニダーレ,動詞,古メタファルス律,
cremia,"救済, 救い",クレミア,名詞,ヒュムノサーバー未登録,
crown,"器, 杯, 入れ物",クラウン,名詞,ヒュムノサーバー未登録,
crudea,"苦悩, 苦しみ",クルーデア,名詞,古メタファルス律,
crushue,紡ぐ,クルシューエ,動詞,古メタファルス律,
cupla,罪,キュプル,名詞,中央正純律,
cyuie,"切ない, 悲しい",キュイ,形容詞,中央正純律,
cyurio,"理, 秩序, 定め, 運命, 理由",キュリオ,名詞,中央正純律,
d.n.,"踊る (名詞: 踊り, 舞い)",ドゥン,動詞,新約パスタリエ,
d.n.g.,"穿つ, 砕く",ドング,動詞,ヒュムノサーバー未登録,
d.r.s.n.,"伝わる, 伝える",デルスン,動詞,ヒュムノサーバー未登録,
d.s.s.n.,"襲い掛かる, 降りかかる",ドゥーセン,動詞,ヒュムノサーバー未登録,
d.x.,"蝕む, 押しつぶす",ドゥズ,動詞,ヒュムノサーバー未登録,
d.z.,"死ぬ (名詞: 死, 絶命)",ズ,動詞,新約パスタリエ,
daedu,醜いもの,ダェドゥス,名詞,新約パスタリエ,
daf,～の（主格を表す）,ダフ,副詞,ヒュムノサーバー未登録,
dahzel,"苦難, 辛酸",ダーゼー,名詞,ヒュムノサーバー未登録,
dand,"ドア, 扉",ダンド,名詞,中央正純律,
dauan,夜明け,ダウアン,名詞,中央正純律,
dauane,夜明けの,ダウアネ,形容詞,中央正純律,
dazua,闇,ダズア,名詞,ヒュムノサーバー未登録,
dea,"～で, ～によって",デァ,副詞,ヒュムノサーバー未登録,
deadl,"日, 日々, 日常",デードゥル,名詞,ヒュムノサーバー未登録,
deata,"裁かれる, 裁きをうける, 断罪される",ダーテ,動詞,クルトシエール律,
deggeez,"裏切る, 背く",ディジーズ,動詞,中央正純律,名詞も同形で使用可
degle,"壊滅, 壊れる, 滅ぼす",デグル,動詞,クルトシエール律,
dejuy,贖罪,デジュィ,名詞,新約パスタリエ,
deleir,"禍, 災厄, 災い",デレイア,名詞,アルファ律,
delij,"嫌う, 嫌がる, 疎む",ドゥエリッジ,動詞,アルファ律,
den,"しかし, でも, けれど, ～だが",デン,副詞,中央正純律,反対の接続語
dend,"山, 山脈",デンド,名詞,ヒュムノサーバー未登録,
denera,悪しきもの,デネラ,名詞,中央正純律,
dep,"深い, 深く",デプ,形容詞,ヒュムノサーバー未登録,
der,"～で, ～によって, ～のおかげで",デァ,副詞,古メタファルス律,
desfel,"嫌い, 厭, 厭う, いやがる",ディスフェル,動詞,古メタファルス律,
dest,"枯れる, 枯渇する, 潰える",デスト,動詞,ヒュムノサーバー未登録,
deu,～を,デウ,副詞,ヒュムノサーバー未登録,
dewee,"乗せる, 地面？",ディーウェ,動詞,ヒュムノサーバー未登録,
dgal,国,ダガル,名詞,ヒュムノサーバー未登録,
dha,"～へ, ～に",ダ,副詞,ヒュムノサーバー未登録,
dhezeall,"虜囚, 虜, 捕らわれ人, 囚われの",ディージアル,名詞,古メタファルス律,囚われの、という形容詞としても使用可
dia,"王, 王座, 玉座, 支配者, 神",ディア,名詞,中央正純律,
diasee,神の子,ディアズィエー,名詞,古メタファルス律,
dialssa,女王,ディアルサ,名詞,ヒュムノサーバー未登録,
didalia,大きい,ダイダリア,形容詞,クルトシエール律,
dilete,"神の息吹, 神の加護",ディレーテ,名詞,中央正純律,詩魔法の効能は防御とステータス上昇)
diol,神？,ディオル,名詞,ヒュムノサーバー未登録,
discest,"偽る, 偽装する, 騙す, 偽り",ディセスト,動詞,中央正純律,名詞も同形で使用可
dius,"尊い, 神々しい",ディウス,名詞,クルトシエール律,
diviega,"聖なる剣, (転じて)偉大なる叡智",ディヴィエーガ,名詞,クルトシエール律,
dje,"躰, 身体, 肉体",ドゥジェ,名詞,ヒュムノサーバー未登録,
dn,"～で（手段）, ～によって",ドゥン,副詞,新約パスタリエ,手段。byに相当
dngle,"けれど, けど, でも, しかし",ドゥング,副詞,ヒュムノサーバー未登録,
donaty,排除する,ドナティ,動詞,ヒュムノサーバー未登録,
doodu,大地,ドードゥ,名詞,新約パスタリエ,
dople,"排除する, （敵を）倒す",ドプレ,動詞,中央正純律,
dor,"大地, 大陸",ドール,名詞,中央正純律,
dorn,木,ドルン,名詞,中央正純律,
dorna,森,ドルナ,名詞,ヒュムノサーバー未登録,
dornpica,木の実,ドゥルンピカ,名詞,クルトシエール律,
dorre,大地,ドーレ,名詞,ヒュムノサーバー未登録,
dorzee,"大地の？, 大陸の？",ドルズィー,名詞,ヒュムノサーバー未登録,
dralee,供物,ドゥラーレ,名詞,ヒュムノサーバー未登録,
drone,"取り込む, ダウンロード（する）",ドゥローネ,動詞,中央正純律,
dsier,欲望,ヂェア,名詞,中央正純律,
du,～を,ドゥ,副詞,新約パスタリエ,
dyldea,"日, 日々？",デルディア,名詞,ヒュムノサーバー未登録,
dyya,日,ディーア,名詞,中央正純律,英語のDay 『一日』や『その日』など時間や期間を表す為に用いる。
dyyal,～日目,ディーアル,名詞,中央正純律,一日目 二日目 等で用いる
earyq,,エヤリク,不明,ヒュムノサーバー未登録,
eazas,互いに,イーザス,副詞,中央正純律,愛し合う→hartes eazas のように、動詞の後に付けて使う
echrra,共鳴する,エクラ,動詞,中央正純律,
ede,～で（場所や状態）,エデ,副詞,ヒュムノサーバー未登録,
ee,"偉大なる, 讃える",ィエエ,形容詞,古メタファルス律,
eetor,向こう側,エトゥー,名詞,中央正純律,
eh,〜される,エ,接尾辞,ヒュムノサーバー未登録,新約パスタリエの接尾辞。動詞が原型の場合は単体の単語として使用される。
eje,"心, 気持ち",エジェ,名詞,新約パスタリエ,
ekouolga,"木霊する？, 鐘？",エコウオルガ,不明,ヒュムノサーバー未登録,
elle,"～から, ～よりの, ～より",エル,副詞,中央正純律,fromに近い意味を持つ単語
elna,"こうして, そして",エルナ,副詞,ヒュムノサーバー未登録,
elye,"未だ, まだ",エリェ,副詞,新約パスタリエ,
en,"そして, ～だから, ～ために",エン,副詞,中央正純律,英語のand
enclone,包み込む,エンクロゥネ,動詞,古メタファルス律,
endia,"止める, 終わらせる",エンディア,動詞,古メタファルス律,
ene,"思う, 感慨深くなる, 考える, 分かる, 理解する",エヌ,動詞,クルトシエール律,
enegd,痺れる,エネグドゥ,動詞,中央正純律,
enerel,ずっと,エネレル,副詞,クルトシエール律,
enesse,想い,エネッセ,名詞,クルトシエール律,
engassya,"奪う, よこせ！",エンガーシャ,動詞,中央正純律,
engua,"必然, 定め, (変わりようのない)運命",エングァ,名詞,ヒュムノサーバー未登録,
enllia,"絶えず, 絶やさず, 常に",エンリャ,不明,ヒュムノサーバー未登録,
ennala,"願う, 縋る, 望む",エネラ,動詞,ヒュムノサーバー未登録,
ennalte,"願う, 縋る, 望む",エナルテ,動詞,ヒュムノサーバー未登録,
enne,"祈り, 願い, （いい意味）",エニェ,名詞,中央正純律,
enrer,"いつも, 常日頃から",エンリャ,副詞,クルトシエール律,
enter,～に入り込む,エンテル,動詞,中央正純律,
envied,傲慢な,エンヴィード,形容詞,ヒュムノサーバー未登録,
enw,～しながら,エンウ,副詞,中央正純律,
eodeal,明日,エオディアル,不明,ヒュムノサーバー未登録,
erlla,"もっと, 沢山の, 数多の",エレラ,形容詞,ヒュムノサーバー未登録,
erphy,"思い出, 記憶",エルフィー,名詞,ヒュムノサーバー未登録,
es,ターゲット設定,エス,コマンド,ヒュムノサーバー未登録,
ess,～で,エース,副詞,新約パスタリエ,英語のin相当
esyfo,深く,エシフォ,形容詞,ヒュムノサーバー未登録,
et,大きい,エ,形容詞,中央正純律,
eta,食べる,エータ,動詞,中央正純律,
etealuear,"永遠に, 永久に, ずっと",エテルェーア,副詞,ヒュムノサーバー未登録,
etealune,"永遠, 永久",エテルネェ,名詞,古メタファルス律,
eterne,"永遠, 永久",エテールネ,名詞,アルファ律,
ettdy,,エッディ,不明,ヒュムノサーバー未登録,
eux,目,ユクス,名詞,中央正純律,
ewle,長い,エゥレ,形容詞,ヒュムノサーバー未登録,
exali,眩しい,エクサリ,形容詞,ヒュムノサーバー未登録,
exec,実行する,エグゼク,動詞,中央正純律,
f.p.n.,"降る, 降り注ぐ",フィプン,動詞,ヒュムノサーバー未登録,
f.r.l.,怯える (名詞: 恐怖),フルル,動詞,新約パスタリエ,
f.s.,囁く (名詞: 囁き),エフス,動詞,新約パスタリエ,
f.w.r,"受け入れる (名詞: 受容, 許容, 承認)",フウル,動詞,新約パスタリエ,
f.w.r.n,"包む, 包みこむ (名詞: 包み, 束)",フウルン,動詞,新約パスタリエ,
faf,怖い,ファフ,形容詞,クルトシエール律,
faiy,"刹那, 一瞬",ファイ,名詞,ヒュムノサーバー未登録,
faja,進む,ファージャ,動詞,クルトシエール律,主に普通に進む場合はこちら。集団で移動する場合はZahha
falfa,"安寧, 安らぎ, 平和",ファルファ,名詞,ヒュムノサーバー未登録,
famfa,はばたく,ファンファ,動詞,中央正純律,
fanalea,"高らかに, ～へ向けて？",ファナレア,形容詞,ヒュムノサーバー未登録,
fandel,"数多の, 幾多の, 沢山の",ファンデル,形容詞,古メタファルス律,
fane,慈愛,ファーネ,名詞,中央正純律,エクサピーコから連なる許容の愛
fao,奇跡,ファオ,名詞,ヒュムノサーバー未登録,
fari,"一方で, また, そして",ファリ,不明,ヒュムノサーバー未登録,
fatee,神なる父,ファーテ,名詞,ヒュムノサーバー未登録,
fatele,父,ファテレー,名詞,古メタファルス律,
fatere,"さもなくば, そうしなければ～でしょう",ファーテレ,副詞,中央正純律,
fau,鳥,ファウ,名詞,古メタファルス律,「小」鳥ではない
faura,"小鳥, 幼い鳥",ファウラ,名詞,古メタファルス律,
fayra,"火, 炎",ファイラ,名詞,中央正純律,
fedyya,"明日, 未来",フィディーア,名詞,中央正純律,未来の意味でも使用可
fee,そよ風,フィー,名詞,ヒュムノサーバー未登録,
ferda,宿る,フェルダ,動詞,古メタファルス律,
fernia,微笑む,フェーニャ,動詞,クルトシエール律,
ferxs,"仲間, 友人, パートナー",フェークス,名詞,ヒュムノサーバー未登録,
fetala,父,フェタラ,不明,ヒュムノサーバー未登録,
fhau,光,ファウ,名詞,ヒュムノサーバー未登録,
fhauri,"光る, 輝く",ファウリ,動詞,ヒュムノサーバー未登録,
fhyu,風,ヒュフ,名詞,中央正純律,
firanzia,"終焉, 世の終わり",フィランジア,名詞,ヒュムノサーバー未登録,
firga,過去,フィルガ,不明,ヒュムノサーバー未登録,
firle,感じる,フィルレ,動詞,古メタファルス律,
fitouva,,フィトゥヴァ,不明,ヒュムノサーバー未登録,
flare,"浮かぶ, 浮く",フラレ,動詞,中央正純律,
flip,"引き替えに, フリップフロップ, ～の代わり, 代替",フリプ,動詞,クルトシエール律,
fluy,"泉, 湧水",フリュイ,名詞,中央正純律,
focs,深く,フォクス,形容詞,ヒュムノサーバー未登録,
fogabe,許す,フォーゲイブ,動詞,中央正純律,
folten,"（位置）前, 先",フォルテン,名詞,中央正純律,時間的に前の場合はbeng
forgandal,なぜならば,フォーガンダル,副詞,クルトシエール律,
forlindel,村長の一族,フォーリンデル,名詞,クルトシエール律,
forlinden,村,フォーリンデン,名詞,クルトシエール律,
foul,"不思議, 神秘",フォウル,名詞,クルトシエール律,
fountaina,"覆う, 満たす, 埋める",ファウンティナ,動詞,中央正純律,覆うような、など、量や規模を表す形容詞としても同形で使用可
fowrlle,"慰める, 癒す, 慰安, 癒し",フォワール,動詞,中央正純律,名詞と同形で使用可。
frawr,花,ラーワ,名詞,中央正純律,
frawrle,春,ラワール,名詞,クルトシエール律,
frissoner,震える,フリッソネア,動詞,中央正純律,
frreie,解き放つ,フリーィエ,動詞,ヒュムノサーバー未登録,
fs,そよ風,フス,名詞,新約パスタリエ,Eをつけると意訳で「ささやき」
ftt,消える,フッ,動詞,中央正純律,
fujara,"融合する, 合体する, くっつける, 交わる",フュジャラ,動詞,ヒュムノサーバー未登録,
fuluaa,叶う,フルア,動詞,ヒュムノサーバー未登録,クラスタ律？ 流石にlとaのタイプミスはないだろう…
fulual,叶う,フルアル,動詞,中央正純律,
fusya,包む,フーシャ,動詞,中央正純律,
futare,未来,フターレ,名詞,中央正純律,
fwal,翼,フワル,名詞,クルトシエール律,
fwillra,"羽, 羽毛, ひとひら, 羽根",フィラ,名詞,クルトシエール律,fwalは翼、fwillraは羽や羽毛のひとひら
fyatomes,,,不明,ヒュムノサーバー未登録,
g.k.n,"食べる (名詞: 食事, 摂取, 糧)",ガッン,動詞,新約パスタリエ,
g.n.g.,貫く,ガング,動詞,ヒュムノサーバー未登録,
g.v.w.,"戦う (名詞: 戦い, 戦争)",グヴォー,動詞,ヒュムノサーバー未登録,
g.w.f.r.,"裁く (名詞: 裁き, 断罪)",グウフル,動詞,新約パスタリエ,
g.w.n.,"導く (名詞: 導き, 天啓, 標)",グウン,動詞,ヒュムノサーバー未登録,
gaedurltea,大きい,ガエドゥルテーア,不明,ヒュムノサーバー未登録,
galado,"鳴る, 響く",ガラド,動詞,ヒュムノサーバー未登録,
galido,"消滅する, 無くなる",ガレド,動詞,ヒュムノサーバー未登録,
ganna,"固い, 頑なな, 堅牢な, 石, 岩",ガナ,形容詞,中央正純律,物質・精神両方の意味で「カタイ」ものの表現に使用可。名詞としては石や岩も指す。
garlden,"街, 町",ガルデン,名詞,中央正純律,
gasar,ぬいぐるみ,ガサル,名詞,新約パスタリエ,
gat,呪い,ガット,名詞,中央正純律,
gatyunla,"呪いの地, 地獄",ガチュンラ,名詞,クルトシエール律,
gatyuny,呪い,ガチュニ,名詞,クルトシエール律,
gaunji,苛む,ガウンジ,動詞,ヒュムノサーバー未登録,
gauto,暗雲,ガウト,名詞,ヒュムノサーバー未登録,
gauv,"罪, 咎",ガウヴ,名詞,ヒュムノサーバー未登録,
gauzewiga,絶望する,ガゥンゼーヴィーガ,動詞,古メタファルス律,
geeow,"誓い, 誓う, 決意(する)",ギオ,名詞,中央正純律,動詞としても同形で使用可
gefdu,"苛烈, 激しい",ゲフドゥ,形容詞,ヒュムノサーバー未登録,
getrra,"汚れた, 汚い, 醜い",ゲットラ,形容詞,中央正純律,
gfine,"時, 時の",グフィネ,名詞,ヒュムノサーバー未登録,
gfawi,"乗り越える, 突破する",グファウィ,不明,ヒュムノサーバー未登録,
gigeadeth,"鉄, 鋼鉄の",ギガディス,名詞,中央正純律,形容詞としても同形で使用可
gidiu,"叛逆, 反逆, 謀叛",ギディウ,名詞,ヒュムノサーバー未登録,
giue,"呪縛する, 捕える, 囚われる？",ギウエ,動詞,ヒュムノサーバー未登録,
giz,恐怖,ギズ,名詞,ヒュムノサーバー未登録,
gkgul,ひび割れた,グックル,形容詞,新約パスタリエ,
gkgula,"境界, 国境",グックラ,名詞,ヒュムノサーバー未登録,
glansee,"神々しい, 偉大な",グランズィ,形容詞,新約パスタリエ,LYAをつけると意訳で「神」
glasden,"最高, 頂点",グラスデン,名詞,古メタファルス律,
goa,～だけ,ゴア,副詞,新約パスタリエ,英語のonly
gool,飢えた,グール,名詞,中央正純律,
got,手に入れる,ゴット,動詞,クルトシエール律,
gott,"離れろ！, 退け！",ゴット,動詞,中央正純律,汚い感じ
govan,"激しく, 激しい",ゴーヴァン,形容詞,ヒュムノサーバー未登録,
govaz,許嫁,ゴーヴァズ,名詞,クルトシエール律,
gral,全て,グラル,名詞,新約パスタリエ,
gran,"幕を開ける, 始まり",グラン,動詞,クルトシエール律,
grandee,守護者,グランディエー,名詞,古メタファルス律,
grandi,"保護する, 守護する",グランディ,動詞,ヒュムノサーバー未登録,精神的意味合いが強そう？
grandus,護る,グランドゥス,動詞,古メタファルス律,
grave,"山奥, 建物などの奥",グレィヴ,名詞,クルトシエール律,
grlanza,踊る,グランツァ,動詞,中央正純律,
grow,愚かな,グロウ,形容詞,ヒュムノサーバー未登録,
grrena,"緑色の, 緑, 碧, 翡翠",グレナ,形容詞,中央正純律,名詞としても使用可 ただし植物という意味の緑は指さない
grruw,育つ,グルゥ,動詞,中央正純律,
grruwa,"育てる, 育む",グルーワ,動詞,ヒュムノサーバー未登録,
guard,"守り, 防御",グアルド,名詞,中央正純律,
guatrz,"怒り, 憎悪",ゴーッ,名詞,中央正純律,
guaysu,うつむく,グァイス,動詞,中央正純律,
guol,（扉などを）閉じる,グォル,動詞,中央正純律,
gyaeje,"敵, 宿敵",ギャエジェ,名詞,ヒュムノサーバー未登録,
gyaje,過ち,ギャジェ,名詞,中央正純律,
gyajlee,罪人,ギャジェレ,名詞,クルトシエール律,
gyas,"悪霊, 悪い成分",ギャス,名詞,中央正純律,
gyaya,愚かな,ギャヤ,形容詞,ヒュムノサーバー未登録,
gyen,"紡ぐ, （魔法を）生み出す",ジェン,動詞,クルトシエール律,
gyenel,"紡ぐ者, 魔導士",ジェネル,名詞,クルトシエール律,
gyengyat,"飲み干す, むさぼり食う",ジェンジャット,動詞,クルトシエール律,
gyuss,抱擁,ギュス,名詞,中央正純律,
gyusya,支配する,ギュシャ,動詞,中央正純律,
h.k.t.t,"抱擁する, 抱きしめる (名詞: 抱擁, 懐抱)",ハクト,動詞,新約パスタリエ,
h.l.s.s.,"嘆く (名詞: 嘆き, 慟哭)",フルス,動詞,新約パスタリエ,
h.m.m.r.,謳う (名詞: 詩),フムル,動詞,新約パスタリエ,
h.p.p,想う (名詞: 想い),フプ,動詞,新約パスタリエ,
h.p.ps.,"思いを馳せる (名詞: 郷愁, 追憶, 懐古)",フップス,動詞,新約パスタリエ,
h.r.n.t.,"旅をする (名詞: 旅, 旅行)",ハント,動詞,新約パスタリエ,
h.w.s.s.,"成長する (名詞: 成長, 育成)",フウス,動詞,新約パスタリエ,
haf,"持つ, 所有する, 手に取る",ハフ,動詞,中央正純律,
hagol,（時が）過ぎる？,ハゴル,動詞,ヒュムノサーバー未登録,
haliyer,"敬う, 尊ぶ",ヘリィヤー,動詞,ヒュムノサーバー未登録,
halun,願い,ハルン,名詞,ヒュムノサーバー未登録,
handeres,"負け, 敗北(する), 敗者",ヘンデレス,名詞,中央正純律,
hao,"上級の, 上位の, 高位の, 高い",ハオ,形容詞,中央正純律,
haoud,抱く,ハウド,動詞,ヒュムノサーバー未登録,
harmon,"みんなで, （多数で）合わせて～する, 同時に",ハーモン,動詞,中央正純律,
harphe,朝,ハルフェ,名詞,新約パスタリエ,
harr,（主語定義）彼女,ハ[ルル],名詞,中央正純律,主語定義専用
harra,（主語定義）彼女ら,ハ[ルル]ラ,名詞,中央正純律,主語定義専用
hars,彼女ら,ハルス,名詞,中央正純律,
hartes,愛する,ハーテス,動詞,クルトシエール律,
harton,"愛, 恋愛の雰囲気を持つ言葉",ハートン,名詞,中央正純律,
has,彼女,ハス,名詞,中央正純律,
hasyu,魚,ハシュ,名詞,中央正純律,
heathe,"熱い, 高温の, 灼熱の",ヒーセ,形容詞,ヒュムノサーバー未登録,
heath,"灼熱の, 高温の, 熱い",ヒース,形容詞,中央正純律,
heetha,"健やかな, 健康",ヒィーサ,形容詞,中央正純律,名詞としても使用可？
hegta,年,ヘグタ,名詞,ヒュムノサーバー未登録,前に数詞を入れる
heighte,傷つける,ヘイテ,動詞,古メタファルス律,
henderos,"負け, 敗者, 敗北する",ヘンデロス,名詞,ヒュムノサーバー未登録,
her,"これ, この",イァ,名詞,中央正純律,here（ここ）と同じ発音
here,ここ,イア,副詞,中央正純律,
herea,憎む,ヘレア,動詞,ヒュムノサーバー未登録,
herr,（主語定義）彼,へ[ルル],名詞,中央正純律,主語定義専用
herra,（主語定義）彼ら,へ[ルル]ラ,名詞,中央正純律,主語定義専用
hers,彼ら,へルス,名詞,中央正純律,
hes,彼,ヘス,名詞,中央正純律,
hieg,悲しむ,ヒーグ,動詞,中央正純律,
hiegle,悲しむ,ヒーグル,動詞,ヒュムノサーバー未登録,上の発展形？クラスタ律？
hierle,"悲しい, 悲しみの",ヘィアルレー,形容詞,古メタファルス律,
hiew,"哀しみ, 悲哀",ヒーウ,名詞,新約パスタリエ,
hiewi,"つらい, 悲しい",ヒーウィ,形容詞,新約パスタリエ,
hiral,"渇く, 渇いた",ヒアル,形容詞,ヒュムノサーバー未登録,
hiralg,渇き,ヒラァグ,名詞,ヒュムノサーバー未登録,
hopb,心,ホップ,名詞,クルトシエール律,事象（もの）として表現する場合
houd,抱く,ホウド,動詞,中央正純律,
how,"こんなにも, なんという",ホウ,副詞,ヒュムノサーバー未登録,
hueaf,"無駄な, くだらない, 徒労",ヒャフ,形容詞,中央正純律,名詞としても使用可
hyear,"さあ, やあ, ねえ",イェア,副詞,中央正純律,呼びかけや感嘆。非常に軽く発音するとほとんど「ヤ」にしか聴こえない
hyma,（言葉を）聞く,ヒュマ,動詞,中央正純律,
hymma,小鳥,ヒュンマ,名詞,中央正純律,語源は「奏でる者」でhymmeから来ている。
hymme,"謳う, 奏でる, 共鳴する",ヒュム,動詞,中央正純律,名詞的使い方をする場合もある。その場合は、波動、波など、形のない振動を指す。
hymmne,"波動, 調べ, メロディ",ヒュムネ,名詞,中央正純律,hymmnosよりも軽い、意味的にも浅いもの。
hymmnos,"詩, ヒュムノス",ヒュムノス,名詞,中央正純律,
hymneth,詩？,ヒュムネス,名詞,ヒュムノサーバー未登録,商品名、クルトヒュムネスから
hynne,声,ヒュン,名詞,中央正純律,
hyung,,ヒュング,不明,ヒュムノサーバー未登録,
hyzik,"肉体, 身体",フィジク,名詞,アルファ律,
iasien,朝露,イアシェン,名詞,クルトシエール律,
ides,過去,イデス,名詞,中央正純律,
idesy,"過去の, 昔の",イデシー,形容詞,中央正純律,
ieeya,希望,イーヤ,名詞,中央正純律,
iem,今,イェム,名詞,古メタファルス律,
iemma,"今の, 現在の",イェマ,形容詞,ヒュムノサーバー未登録,
im,今,イム,名詞,ヒュムノサーバー未登録,
infel,"愛, 親愛, 友情, 隣人愛",インフェル,名詞,古メタファルス律,親愛の雰囲気を持つ言葉。友情や隣人愛。infel yor で「ありがとう」という意味に
infelious,愛しき,インフェリオス,形容詞,ヒュムノサーバー未登録,
inferia,親愛する,インフェリア,動詞,ヒュムノサーバー未登録,グラスノ・インフェリアとして１から用いられている
inferiare,親愛なる,インフェリアーレ,形容詞,古メタファルス律,
ini,"初期化する, 清純化する",イニ,動詞,クルトシエール律,
innna,"心の中, （精神世界的な）中",インナ,名詞,クルトシエール律,
iqwayes,決別する,イクワイエス,動詞,ヒュムノサーバー未登録,
irdeshen,過去,イルデシェン,名詞,ヒュムノサーバー未登録,
irea,"銀, 銀色",イレア,名詞,ヒュムノサーバー未登録,
irs,"いる, 存在する, 在る, ～である",イルス,動詞,中央正純律,
iwl,やがて～だろう,イウル,副詞,新約パスタリエ,
j.d.r.,"固執する, 囚われる, ハマる (名詞: 穴)",ジュドル,動詞,ヒュムノサーバー未登録,
j.l.j.,"固執する, 囚われる, ハマる (名詞: 穴)",ジェルジェ,動詞,新約パスタリエ,
j.l.r.,"我に返る, 正気に戻る",ジュール,動詞,新約パスタリエ,
j.w.,"託す (名詞: 委託, 委嘱, 任命)",ジェウ,動詞,新約パスタリエ,
j.z.t.,"発動する, 実行する (名詞: 実行, 発動)",ジェズト,動詞,新約パスタリエ,
jam,一緒に,ジャム,副詞,中央正純律,副詞
jambea,足,ジャンベァ,名詞,中央正純律,
jass,求める,ジャス,動詞,中央正純律,
jastil,,ジャスティル,動詞,ヒュムノサーバー未登録,
jefea,悼ましい,ジェフェア,形容詞,ヒュムノサーバー未登録,
jekur,飢え,ジェクル,名詞,ヒュムノサーバー未登録,
jenega,"敵, 障害, 苦難, 邪魔",ジェネガ,名詞,ヒュムノサーバー未登録,
jenge,敵,ジェンジェ,名詞,クルトシエール律,
jenhah,"不幸, 災い",ジェンハー,名詞,クルトシエール律,
jepgle,愚かな,ジェプグレ,形容詞,ヒュムノサーバー未登録,
jesta,,ジェスタ,不明,ヒュムノサーバー未登録,
jouee,神の力,ジュエ,名詞,中央正純律,
json,"いつか, 何時の日か, やがて",ジェソン,副詞,ヒュムノサーバー未登録,
jue,水,ジュエ,名詞,ヒュムノサーバー未登録,
juelicc,"支える, 支援する",ジュエリク,動詞,ヒュムノサーバー未登録,
k.f.k.k.,嘲笑う (名詞: 嘲笑),カフカ,動詞,ヒュムノサーバー未登録,
k.i.,"殺す, 殺める (名詞: 殺害)",キー,動詞,ヒュムノサーバー未登録,
k.r.,"戯れる, じゃれ合う, 遊ぶ (名詞: 遊び)",クル,動詞,新約パスタリエ,
k.t.n.,"（時が）過ぎる, 流れる",クトゥン,動詞,ヒュムノサーバー未登録,
k.v.n.r.,"挑む, 挑戦する (名詞: 覚悟)",ケヴンル,動詞,新約パスタリエ,
k.v.r.,覆う (名詞: 覆い),キヴル,動詞,ヒュムノサーバー未登録,
kailya,"慈悲, 恩寵",カイリャ,名詞,ヒュムノサーバー未登録,
kajya,必要,カジャ,名詞,新約パスタリエ,
kapa,水,カパ,名詞,クルトシエール律,
karf,"変える, 変化する",カーフ,動詞,ヒュムノサーバー未登録,
katalfa,墓標,カタルファ,名詞,ヒュムノサーバー未登録,
kearryier,"重圧, 重荷, 重い？",ケアリーア,名詞,ヒュムノサーバー未登録,
keen,輝く,ケーン,動詞,中央正純律,
keenis,輝き,ケニス,名詞,中央正純律,
keg,枝,ケグ,名詞,新約パスタリエ,
khal,護る,クァル,動詞,中央正純律,
kiafa,聴く,キアファ,動詞,古メタファルス律,
kiala,"金, 金色",キアラ,名詞,ヒュムノサーバー未登録,
kieghl,"叫び, 悲鳴？",キーグル,名詞,ヒュムノサーバー未登録,
kieta,想い,キータ,名詞,ヒュムノサーバー未登録,
kierre,"刻, 瞬間",キェーッレ,名詞,古メタファルス律,
kil,殺す,キル,動詞,中央正純律,
kira,"星, 天体",キラ,名詞,ヒュムノサーバー未登録,（特に天体の星）
kirrag,"懸命に, 必死に？, 頑張って？",キラグ,形容詞,ヒュムノサーバー未登録,
kix,すぐに,キクス,副詞,ヒュムノサーバー未登録,
kl,,クル,不明,ヒュムノサーバー未登録,
knawa,"知る, 識る, 認識する",ノーワ,動詞,中央正純律,
kneet,"遅い, 手遅れ",ニート,形容詞,中央正純律,
koffl,（液体を）飲む,コーフル,動詞,ヒュムノサーバー未登録,
kohiniku,"果てなく, 沢山",コーヒニック,形容詞,ヒュムノサーバー未登録,
konla,"響く, 木霊する",コンラ,名詞,ヒュムノサーバー未登録,
koora,小川,コーラ,名詞,中央正純律,
kouf,ため息,クーフ,名詞,新約パスタリエ,
ks,暗示を掛ける,ケス,動詞,クルトシエール律,
ksyura,"滅亡, 滅び",,名詞,ヒュムノサーバー未登録,
kuhle,"毒, 毒薬",キューレ,名詞,中央正純律,
kurt,"古い, 昔の, 古の",クルト,形容詞,ヒュムノサーバー未登録,krutは誤記（CD表示が正しい）
kvvia,後悔,クヴィア,名詞,ヒュムノサーバー未登録,
kvyeire,終わり,クヴェイレ,名詞,ヒュムノサーバー未登録,
kyakkya,"友情, 友達",キャッキャ,名詞,ヒュムノサーバー未登録,
kyll,"切る, 斬る",キール,動詞,ヒュムノサーバー未登録,
l.k.k.,"見上げる, 見つめる",ルック,動詞,ヒュムノサーバー未登録,
l.l.d.,"前進する, 進む",ルルドゥ,動詞,ヒュムノサーバー未登録,
l.l.n.,"祝福する (名詞: 祝福, 幸い)",リリン,動詞,新約パスタリエ,
l.n.c.a.,"繋がる (名詞: 接続, 一体化)",ルンカ,動詞,新約パスタリエ,
l.r.w.,"成し遂げる, 完遂する",ルルウ,動詞,ヒュムノサーバー未登録,
la,それこそ,ラ,副詞,中央正純律,（強調の冠詞、母音の前）
laa,,ラー,副詞,ヒュムノサーバー未登録,
lamenza,嘆き,ラメンツァー,名詞,古メタファルス律,
lamenzeo,嘆き,ラメンツェオ,名詞,ヒュムノサーバー未登録,
lapo,出逢う,ラポ,動詞,クルトシエール律,
lasnatine,"聖句, 聖言",ラスナティネ,名詞,ヒュムノサーバー未登録,
lasye,少年,ラシェ,名詞,中央正純律,
lautyca,"落ちる, 零れる",ラウティカ,動詞,ヒュムノサーバー未登録,
layy,"嘘, 虚構",ライ,名詞,ヒュムノサーバー未登録,
leaff,"本, 書物, 絵本",リーフ,名詞,古メタファルス律,
lea,祭,レア,名詞,ヒュムノサーバー未登録,
leat,奏でる,リー,動詞,中央正純律,謳う（hymme）に近いが、こちらの方が更に比喩的に使われる。
lehaw,"救う, 助ける",レハウ,動詞,ヒュムノサーバー未登録,
lequera,善きもの,リクウィラ,名詞,クルトシエール律,
lgn,～の先,ルグン,副詞,ヒュムノサーバー未登録,
lhasya,"繋ぐ, 繋がる",ラシャ,動詞,ヒュムノサーバー未登録,
li,それこそ,リ,副詞,中央正純律,（強調の冠詞、子音の前）
liera,最後の,リエラ,形容詞,ヒュムノサーバー未登録,
linen,語る,リーネン,動詞,クルトシエール律,
lir,光,ライル,名詞,アルファ律,
lirle,夏,リレール,名詞,クルトシエール律,
llizz,"ひょっとすると, もしかしたら, ～かもしれない",リズ,副詞,中央正純律,
lof,場所,ロフ,名詞,クルトシエール律,
lonfa,魂,ロンファ,名詞,ヒュムノサーバー未登録,
longhel,ひび割れた？,ロングェル,形容詞,ヒュムノサーバー未登録,
longherna,"石, 岩, 硬いもの",ロングェルナ,名詞,ヒュムノサーバー未登録,
lornya,"ハチミツ, 蜜",ローニャ,名詞,ヒュムノサーバー未登録,
loss,"無くす, 失う",ロス,動詞,ヒュムノサーバー未登録,
lulurnya,喜び,ルルニャ,名詞,ヒュムノサーバー未登録,
lurrea,慄く,ルーッレア,動詞,古メタファルス律,
lusye,光,ルーシェ,名詞,古メタファルス律,
lyafre,蝶,リャフレ,名詞,クルトシエール律,
lyrnya,"安らぎの, 安らかな, 穏やかな, 緩やかな",リルリャ,形容詞,ヒュムノサーバー未登録,
lyuma,星,リュマ,名詞,新約パスタリエ,LYAをつけると意訳で「澪の御子」
m.a.m.,存在する,マム,動詞,新約パスタリエ,
m.f.l.,"覆う, 隠す (名詞: 隠蔽)",ムフル,動詞,ヒュムノサーバー未登録,
m.n.g.,飲み込む,ング,動詞,新約パスタリエ,
m.r.,"焼く, 焼き尽くす",メル,動詞,ヒュムノサーバー未登録,
m.r.r.,"映す, 反映する",ムルル,動詞,ヒュムノサーバー未登録,
m.t.y.y.,"作り出す, 生み出す (名詞: 生産, 創造)",マトウィ,動詞,新約パスタリエ,
m.v.y.n.,侮る,ムヴイン,動詞,ヒュムノサーバー未登録,
m.y.b.,"導く (名詞: 導き, 天啓, 標)",,動詞,ヒュムノサーバー未登録,
maen,満月,マエン,名詞,新約パスタリエ,
mahin,手,マァイン,名詞,中央正純律,
manac,"真名, 魂の名前, 御魂名",マナク,名詞,クルトシエール律,
manaf,"命, 生命",マナフ,名詞,古メタファルス律,
manafaln,"転生, (情報・データを)更新する",マナファルン,名詞,クルトシエール律,データ的な更新は動詞
manafeeze,生きる,マナフィーツェ,動詞,古メタファルス律,
marfo,愛しい,マルフォ,形容詞,ヒュムノサーバー未登録,
marta,母,マルタ,名詞,古メタファルス律,
marst,"～すべき, ～しなければならない",マスト,副詞,ヒュムノサーバー未登録,
maun,瞼,マウン,名詞,クルトシエール律,
maxim,"最も, なによりも",マクシム,副詞,中央正純律,副詞
maya,"魔法, 超自然",マヤ,名詞,クルトシエール律,
mea,"私, わたし, 自分",ミーァ,名詞,中央正純律,
mean,"私たち, わたしたち, 私達",ミーン,名詞,中央正純律,
meaql,優しい,メープル,形容詞,ヒュムノサーバー未登録,
mekemekepon,生成する,メケメケポン,動詞,アルファ律,固有の場所に固有の形状を物質化する どっちかというと即席詩魔法
melenas,"愛してる, 大好きです",メレナス,動詞,クルトシエール律,人生においてかけがえのない人にしか使わない。
melifan,歴史,メリファン,名詞,古メタファルス律,
melvaz,嫁,メルヴァズ,名詞,クルトシエール律,
memora,"記憶, 思い出",メモーラ,名詞,中央正純律,
meo,理想,メオ,名詞,中央正純律,
merfa,想い,メルファ,名詞,ヒュムノサーバー未登録,
merra,"（主語定義）私達, 私たち, わたしたち",ミーラ,名詞,中央正純律,
meryu,記憶,メリュ,名詞,新約パスタリエ,Aをつけると「夢（見る方）」に意訳する。
meso,散らかす,メソ,動詞,中央正純律,
messe,伝える,メッセー,動詞,中央正純律,
metafalya,希望,メタファリア,不明,ヒュムノサーバー未登録,
method,,メソッド,不明,ヒュムノサーバー未登録,ヒュムノスの形式
meycray,"届く, 届ける",メイクレイ,動詞,ヒュムノサーバー未登録,
milra,"甘い, 蜜",ミルラ,名詞,ヒュムノサーバー未登録,
mirie,暖かさ,ミリエ,形容詞,ヒュムノサーバー未登録,
missea,使命,ミセア,名詞,ヒュムノサーバー未登録,
morto,"死, 死ぬ",モルト,名詞,中央正純律,
mortoa,"死, 死ぬ",モルトア,不明,ヒュムノサーバー未登録,
moy,"年月, 月日",モイ,名詞,ヒュムノサーバー未登録,
murfan,想う,ムルファン,動詞,古メタファルス律,
murfanare,想い,ムルファナーレ,名詞,古メタファルス律,
mutrk,物語,ムトゥルク,名詞,ヒュムノサーバー未登録,
n.d.n.,"臥す, 消える",ンドゥン,動詞,ヒュムノサーバー未登録,
n.e.g.,祈る (名詞: 祈り),ネグ,動詞,ヒュムノサーバー未登録,
n.i.,"喪失する, 失う (名詞: 喪失)",ニー,動詞,ヒュムノサーバー未登録,
n.m.l.,染まる (名詞: 彩り),ンム,動詞,新約パスタリエ,
n.t.n.,"続く, 継続する (名詞: 続き, 継続)",ントゥン,動詞,ヒュムノサーバー未登録,
n.y.g.t.,入り込む,ンヤグト,動詞,ヒュムノサーバー未登録,
n.y.k.,"可能, できる",ヌィク,動詞,ヒュムノサーバー未登録,
na,"否定, ～ではない, ～しない",ナ,副詞,中央正純律,
naa,"否定, ～ではない","ナー, ナァ",副詞,ヒュムノサーバー未登録,
naave,だから～,ナァベ,副詞,新約パスタリエ,
nafa,優しい,ナファ,形容詞,新約パスタリエ,
nafan,優しく,ナファン,形容詞,新約パスタリエ,
naflansee,幸せ,ナフランズィー,名詞,新約パスタリエ,
naja,"後退する, さがる, 逃げ去る, 立ち去る, 戻る",ナージャ,動詞,クルトシエール律,
nanarta,"踊る, 舞う",ナナルタ,動詞,ヒュムノサーバー未登録,Hymmnos Chronicle ～世界を最も愛した少女たちの詩～考案
nasya,,ナシャ,不明,ヒュムノサーバー未登録,
ne,,ネ,副詞,ヒュムノサーバー未登録,
near,"命, 生命",ニェァー,名詞,中央正純律,
nedle,必要とする,ニドゥル,動詞,アルファ律,
neee,呼ぶ,ネエ,動詞,中央正純律,
neen,あまりに～すぎる,ニーン,副詞,クルトシエール律,
neia,"近づく, 近寄る",ネイア,動詞,中央正純律,
nel,"無, ゼロ",ネル,名詞,ヒュムノサーバー未登録,0の読みと同じ。数字の0を使う場合でない場合は此方を使ってるみたい
nene,分からない,ネネ,形容詞,クルトシエール律,
nepo,潤う,ネポ,動詞,中央正純律,
nepsogre,"要人, 重臣",ネプソグル,名詞,ヒュムノサーバー未登録,
netvear,"諦める, 挫ける, 挫折する",ネトヴィア,動詞,中央正純律,
neyxin,"共に, 一緒に",ネイズン,形容詞,ヒュムノサーバー未登録,
nezz,鼻,ネズ,名詞,中央正純律,
nha,"入れる, 召喚する",ニャ,動詞,クルトシエール律,物理的ではない、魔法的な場合に使用する。
nhaf,"茫然とする, 呆然, ぼーっとする",ナフ,動詞,ヒュムノサーバー未登録,
nille,"似ている, 類似, 似る",ニル,動詞,中央正純律,
nnoi,"一つ, 一人, 1",ノイ,名詞,ヒュムノサーバー未登録,1の読みと同じ。数字の1を使う場合でない場合は此方を使ってるみたい
nnoini,"初めて, 初めての, 最初の",ノイニ,副詞,中央正純律,イニ（初期化）とノイ（１）に由来する
noce,自然,ノーセ,名詞,クルトシエール律,
noes,自分自身,ノイス,名詞,中央正純律,
noese,"自分自身, 己",ノイゼ,名詞,ヒュムノサーバー未登録,
noglle,"黒い, 黒, 黒色, 漆黒",ノグル,形容詞,中央正純律,名詞としても使用可
noyme,与える？,ノイメ,動詞,ヒュムノサーバー未登録,
nor,"～か～, または",ノア,副詞,ヒュムノサーバー未登録,英語のorと同義、っぽい
nooge,寝る,ヌーグ,動詞,クルトシエール律,
nosaash,女神,ノーサッシュ,名詞,クルトシエール律,
nozess,"無にする, なくす",ノーゼス,動詞,中央正純律,
nuboisu,滅ぼす？,ヌボイス,動詞,ヒュムノサーバー未登録,
nuih,"夜, 夜間",ヌイ,名詞,中央正純律,
numori,,ヌモリ,不明,ヒュムノサーバー未登録,
nun,～された,ナン,副詞,ヒュムノサーバー未登録,（受け身の）過去形？
nx,次,ヌクス,名詞,中央正純律,
nyamonyas,友達,ニャモニャス,名詞,ヒュムノサーバー未登録,
nyanyas,"かわいい, 可愛い",ニャニャス,形容詞,ヒュムノサーバー未登録,
nyasyamorina,満足,ニャスヤモリナ,不明,ヒュムノサーバー未登録,
ocurp,"河口, 流れ？",オクルプ,名詞,ヒュムノサーバー未登録,
ogbl,渦,オギュブル,名詞,ヒュムノサーバー未登録,
olga,"権限, 権力（普通の力よりも大きい）",オルガ,名詞,ヒュムノサーバー未登録,
olo,夜,オロ,名詞,新約パスタリエ,
omga,"尊き, 聖なる",オムガ,形容詞,ヒュムノサーバー未登録,
omn,自分の,オムン,副詞,ヒュムノサーバー未登録,英語のownと同義
omness,"憂う, 憂い？",オムネス,名詞,ヒュムノサーバー未登録,「讃える」ではない（公式発表）
omni,全てを,オムニ,名詞,ヒュムノサーバー未登録,
omnis,全てを,オムニス,副詞,古メタファルス律,
odda,"～もまた？, 正しく？",,副詞,ヒュムノサーバー未登録,英語の「too」？
ordirga,"遂に, とうとう",オルディーガ,副詞,ヒュムノサーバー未登録,
oriye,耳,オリイェ,名詞,中央正純律,
orn,唯一の,オーン,形容詞,ヒュムノサーバー未登録,
orviclle,"問題, 障害",オーヴィクル,名詞,中央正純律,na orviclle 無問題=大丈夫 平気
oter,"～より, ～から？",オテル,不明,ヒュムノサーバー未登録,
oucc,一緒に,オゥク,名詞,新約パスタリエ,
oure,何よりも,オゥレ,副詞,中央正純律,
ousye,"襲い掛かる, 降りかかる",オウシェ,動詞,アルファ律,
ouvyu,廃墟,オウヴュ,名詞,新約パスタリエ,
ouwua,たくさんの,オウェア,副詞,新約パスタリエ,
oylnum,病,,名詞,ヒュムノサーバー未登録,
oz,～の,オズ,副詞,中央正純律,所有の助詞。英語のofと同義（文脈によっては必ずしも必要ではない）
p.s.w.t.,"掴む, 獲得する (名詞: 取得, 手に入れる, 望む)",ピスウト,動詞,新約パスタリエ,
pagle,"話す, 喋る",パグレ,動詞,中央正純律,
pak,"（未来が）開く, ～するだろう, ～するつもり",パク,動詞,中央正純律,
pakz,分ける,パクズ,動詞,クルトシエール律,
papana,雨,パパナ,名詞,クルトシエール律,
papas,信じる,パパス,動詞,ヒュムノサーバー未登録,
papulipua,困る,パプリプア,動詞,ヒュムノサーバー未登録,
parce,"証拠, 証",パーシェ,名詞,中央正純律,
parge,切り離す,パジェ,動詞,クルトシエール律,物理的ではない、魔法的な場合に使用する。
parith,"正直, 素直",パリス,名詞,クルトシエール律,
parlre,残る,パールレ,動詞,ヒュムノサーバー未登録,
pasherin,"喜ぶ, 悦ぶ, 嬉しい, 嬉々として",パーシェリン,動詞,ヒュムノサーバー未登録,
pastalia,革命（の詩）,パスタリア,名詞,ヒュムノサーバー未登録,２の設定資料集より 資料集２
pat,"解放する, 解き放つ",パッ,動詞,クルトシエール律,
paul,感じる,パウル,動詞,クルトシエール律,
pauwee,力の子,パゥウェー,名詞,古メタファルス律,
pauwel,力,パゥウェル,名詞,古メタファルス律,
pauwoo,力,パゥウォー,名詞,ヒュムノサーバー未登録,
pawr,力,パウル,名詞,ヒュムノサーバー未登録,
pbidia,"半神, 神の子",プビディア,名詞,ヒュムノサーバー未登録,
pecee,"(卵が)孵る, 孵化する",ピシ,動詞,中央正純律,
phira,種,ピラ,名詞,古メタファルス律,
phiz,身体,フィズ,名詞,クルトシエール律,
phyue,おめでとう,ヒュゥ,形容詞,中央正純律,
pic,"気づく, はっとする, 気付く",ピク,動詞,中央正純律,
pikca,"果物, 実",ピッカ,名詞,新約パスタリエ,
pilt,気づく,ピルト,動詞,クルトシエール律,
pipel,"筒, 筒状の",ピペル,名詞,中央正純律,
pipit,僅かな,ピピット,形容詞,新約パスタリエ,
pirtue,精霊,ピリチュエ,名詞,古メタファルス律,
pisful,平和,ピスフル,名詞,ヒュムノサーバー未登録,
piterne,"儀式, 祝宴, 式典",ピテルネ,名詞,ヒュムノサーバー未登録,
pitod,"側に, 共に, 一緒に, 傍に",ピトッド,形容詞,クルトシエール律,
plina,"植物, 草花, 緑",プリナ,名詞,中央正純律,植物を指して言う場合の『緑』
plargamera,"人々, 人間",プラガメーア,不明,ヒュムノサーバー未登録,
poe,種,ポエ,名詞,新約パスタリエ,
polon,孤独,ポロン,名詞,クルトシエール律,
polona,孤独な？,ポロナ,形容詞,ヒュムノサーバー未登録,
pomb,"生む, 産み出す",ポム,動詞,中央正純律,
pono,卵,ポノ,名詞,中央正純律,
pop,泡,ポプ,名詞,新約パスタリエ,
porter,"着る, 身に着ける, 身に纏う",ポルテア,動詞,中央正純律,
poto,落ちる,ポト,動詞,ヒュムノサーバー未登録,みとせのりこ氏のツイート https://twitter.com/snow_blanc/status/297372201412329472
pranta,"頂, 頂点, 最高",プランタ,名詞,ヒュムノサーバー未登録,Hymmnos Chronicle ～世界を最も愛した少女たちの詩～考案
prasrity,"繁栄, 栄える",プラスリティー,動詞,中央正純律,
presia,"～します様に, ～どうか…して下さい, 頼む",プレシア,形容詞,古メタファルス律,
prooth,血,プルース,名詞,クルトシエール律,
pruna,楽しい,プルナ,形容詞,ヒュムノサーバー未登録,
pushu,"要求する, 欲しい, 望む, 頂戴, （酒の缶を）開ける",プシュー,動詞,ヒュムノサーバー未登録,みとせのりこ氏が発言。https://twitter.com/snow_blanc/status/284308460210888708
ptrapica,宝,プトラピカ,名詞,クルトシエール律,
ptrapile,秋,プトラピル,名詞,クルトシエール律,
pupe,涙,ピューペ,名詞,新約パスタリエ,
pyuf,目指す,ヒュフ ヒューフ？,動詞,ヒュムノサーバー未登録,
q.g.s.,"妨害する, 妨げる (名詞: 妨害)",フィズ,動詞,ヒュムノサーバー未登録,
q.l.s.,"揺らす (名詞: 揺れ, 振動)",クレス,動詞,ヒュムノサーバー未登録,
qafl,～だろうか,クァフ,副詞,ヒュムノサーバー未登録,曖昧な表現
qejyu,"人々, 人間",ケジェウ,名詞,新約パスタリエ,Eをつけると意訳で「恋人、妻、旦那」 YEをつけると意訳で「家族、身内」 LYEをつけると「人類皆兄弟」的な意味になる。
qoga,終焉,クォゥガ,名詞,ヒュムノサーバー未登録,
qraffa,葉,クラッファ,名詞,新約パスタリエ,
quale,尊ぶ？,クァレ,不明,ヒュムノサーバー未登録,
quals,生命,クァルス,不明,ヒュムノサーバー未登録,
quen,生み出される,クーン,動詞,中央正純律,
quesa,"大地を揺らすもの, 雷鳴, 稲妻",クエーサー,名詞,中央正純律,(転じて)雷鳴、稲妻
quivale,冬,クィバーレ,名詞,クルトシエール律,
quive,"沈黙, 黙る, 静寂",クウィバ,動詞,クルトシエール律,
quowjaz,正義,クォウジャズ,名詞,クルトシエール律,
qvag,"災厄, 災い",クヴァグ,不明,ヒュムノサーバー未登録,
qwitte,願う,クウィッテ,動詞,ヒュムノサーバー未登録,
qym,"歳, 年齢",クィム,名詞,ヒュムノサーバー未登録,
qyon,"勤め, 仕事",,名詞,ヒュムノサーバー未登録,
r.f.m,見る (名詞: 視線),ルフン,動詞,新約パスタリエ,
r.f.r.m,"認識する, 知る",ルフルン,動詞,新約パスタリエ,
r.l.t.y.,甦る,リラティ,動詞,ヒュムノサーバー未登録,
r.w.,"助ける, 救う (名詞: 救い, 救済)",ルゥ,動詞,新約パスタリエ,
race,"首飾り, 巻きつける, 縛る",レース,名詞,中央正純律,巻きつけて着用する装飾品、まきつけるの意の動詞としても使用可
rafto,"～の後, ～に続いて",ラフト,副詞,ヒュムノサーバー未登録,
ragym,一部,ラギム,名詞,ヒュムノサーバー未登録,
raklya,"泣く, 涙する",ラクリャ,動詞,クルトシエール律,
rana,"走る, 駆ける",ラーナ,動詞,中央正純律,
rannef,謝礼,ラニェフ,名詞,中央正純律,
rasse,"エールを送る, 頑張れ",ラッセー,動詞,中央正純律,
raudl,"姿, 形, フォーム",ラウドゥル,名詞,新約パスタリエ,
rawah,花,ラワ,名詞,新約パスタリエ,
re,"受動詞, ～される, ～してくれる",レ,副詞,中央正純律,naと同じ用法で受身に用いる助詞
redjena,女王,レジェナ,名詞,ヒュムノサーバー未登録,
reen,聴く,リーン,動詞,中央正純律,
reglle,"螺旋, 渦巻き, ねじれ",,名詞,ヒュムノサーバー未登録,
repoear,感謝する,レポエア,動詞,中央正純律,
reta,どうか～,レタ,副詞,新約パスタリエ,
rete,"忘れる, 失念する, 忘却",レテ,動詞,クルトシエール律,名詞としても使用可
retera,"忘れる, 失念する, 忘却",レテラ,動詞,ヒュムノサーバー未登録,
revatail,レーヴァテイル,レーヴァテイル,名詞,古メタファルス律,
reveris,"夢魔, 悪夢, 迷夢",レベリス,名詞,中央正純律,
revm,夢,レム,名詞,中央正純律,
rhashe,"発進, 実行",ラッシェ,副詞,中央正純律,かけ声的に使用する
ridalnae,"かけがえのない, 大事な",リダルナーエ,形容詞,古メタファルス律,
rifaiah,"甦り, 復活",リーファイア,名詞,ヒュムノサーバー未登録,
rifaien,甦る,リーファイエン,動詞,古メタファルス律,
rinc,"繋ぐ, 繋がる, 接続する",リンク,動詞,ヒュムノサーバー未登録,
rinnoze,寄り添う,リノーゼ,動詞,ヒュムノサーバー未登録,
riomo,"与える, 齎す",リオーモ,動詞,クラスタ律,(物、状態、状況を)与える
rippllys,"返事をする, 応答する, 返事, 応え",リプリス,動詞,中央正純律,名詞としても同形で使用可
riura,表情,リウラ,名詞,ヒュムノサーバー未登録,
rivire,川,リヴィレ,名詞,中央正純律,
riya,誠実,リヤ,名詞,ヒュムノサーバー未登録,
rol,～のように,ロル,副詞,中央正純律,
roon,"部屋, 家, 館, 宮, 囲まれた場所",ルーン,名詞,ヒュムノサーバー未登録,
rooshellan,揺りかご,ルーシェラン,名詞,ヒュムノサーバー未登録,
rosa,"薔薇, バラの花",ロサ,名詞,中央正純律,
rovyna,（数の）力？,ロヴィナ,動詞,ヒュムノサーバー未登録,
rre,主語定義,[ルル]レ,副詞,中央正純律,この単語の１つ後ろの単語は主語
rriulia,繰り返す,リウリア,動詞,ヒュムノサーバー未登録,
ru,意志,ルゥ,名詞,ヒュムノサーバー未登録,アル・ルゥの命名由来が「唯一の・意志」 アル・ルゥの命名由来が「唯一の・意志」
rudje,"赤い, 赤色, 紅, 赫, 緋",ルジェ,形容詞,中央正純律,名詞としても使用可
ruinie,破壊する,ルイニェ,動詞,中央正純律,
ruinien,破壊,ルイニェン,名詞,ヒュムノサーバー未登録,
rum,炎,ルム,名詞,ヒュムノサーバー未登録,
ryewa,生い茂った,リェワ,形容詞,新約パスタリエ,
ryua,覚悟,リュア,名詞,ヒュムノサーバー未登録,
ryushe,"旅立つ, 旅に出る",リュシェ,動詞,ヒュムノサーバー未登録,
ryusse,"旅行, 旅",リュージー,名詞,クルトシエール律,
s.a.,"誘う, （手を）差し伸べる",サー,動詞,ヒュムノサーバー未登録,
s.l,"信じる (名詞: 信用, 信頼)",シル,動詞,新約パスタリエ,
s.l.y.,"見守る, 見つめる",スリャ,動詞,ヒュムノサーバー未登録,
s.n.k.k.,芽吹く (名詞: 成長),スンク,動詞,新約パスタリエ,
s.n.s.,"同期する, 接続する",シンス,動詞,ヒュムノサーバー未登録,
s.s.w.,"言う, 告げる, 語る, 話す (名詞: 話, 会話, 言葉)",スーウ,動詞,新約パスタリエ,
sa,"業, カルマ",サ,名詞,中央正純律,
saade,,サーデ,不明,ヒュムノサーバー未登録,
saash,神,サーシュ,名詞,中央正純律,
sabl,砂,サブル,名詞,中央正純律,
sacra,血,サクラ,名詞,ヒュムノサーバー未登録,
salavec,"生け贄, 捧げ物",サラベク,名詞,古メタファルス律,編纂室４回にて回答
sallogna,"寝転ぶ, 横たわる, 横になる, 横にする",サログナ,動詞,中央正純律,
sanctum,箱舟,サンクトゥム,名詞,中央正純律,
sapon,思い出す,サポン,動詞,ヒュムノサーバー未登録,
sar,空,サー,名詞,アルファ律,語呂の問題で、同じ単語が何度も頻出してしまうため、ファンタスマゴリアのために紡いだ
sara,草,サラ,名詞,中央正純律,
sarla,"詩, 旋律",サルラ,名詞,古メタファルス律,
sarr,"陽光, 輝き",サール,名詞,新約パスタリエ,
sarrifis,（生贄を）捧げる,サリフィス,動詞,中央正純律,犠牲を伴う「捧げる」の意味で用いる。
sarryfy,（生贄を）捧げる,サリフィ,動詞,ヒュムノサーバー未登録,
sarsa,雨,サーサ,名詞,新約パスタリエ,
sash,散らす,サシュ,動詞,ヒュムノサーバー未登録,
sashel,神の,サシェル,不明,ヒュムノサーバー未登録,
sasye,少女,サシェ,名詞,中央正純律,
savath,"飛び散る, ほとばしる",サーバス,動詞,クルトシエール律,
sechel,都市,セケル,名詞,新約パスタリエ,
sefanl,森,セファンル,名詞,新約パスタリエ,
selena,奏でる,セレナ,動詞,古メタファルス律,
senjue,望む,センジェ,動詞,ヒュムノサーバー未登録,
sephaje,創世？,セファージェ,名詞,ヒュムノサーバー未登録,
sev,～の時に,セヴ,副詞,新約パスタリエ,
sguela,"重大な, 大変な",スグエラ,形容詞,ヒュムノサーバー未登録,
shazra,"荊の蔓, 茨, 棘",シャズラ,名詞,中央正純律,棘を持つ植物
sheak,太陽,シェァク,名詞,クルトシエール律,
sheaken,左,シェァケン,名詞,ヒュムノサーバー未登録,太陽からの発展なので恐らくクルトシエール律。メタファルスだと陽の昇り方が違うので
shefra,始まり,シェフラ,名詞,ヒュムノサーバー未登録,
shell,殻,シェル,名詞,ヒュムノサーバー未登録,
shelle,"肌, 外皮",シェレ,不明,ヒュムノサーバー未登録,
shellan,"鳥かご, 籠, 檻, ケージ",シェラン,名詞,古メタファルス律,
shen,光,シェン,名詞,中央正純律,
shutdown,停止する,シャットダウン,動詞,ヒュムノサーバー未登録,
shyfac,信じる,シファク,動詞,ヒュムノサーバー未登録,
shyun,哀しみ,シュウン,名詞,ヒュムノサーバー未登録,
sial,"少しの, ちょっとの, 僅かな, 欠片, 断片, 切れ端",シャル,形容詞,中央正純律,
siance,"聖域, 尊い場所, 理想郷",シャンシェ,名詞,新約パスタリエ,
siancesta,"御子, 最も尊い命, 聖女",シャンシェスタ,名詞,ヒュムノサーバー未登録,
siann,光,シャン,名詞,新約パスタリエ,LYAをつけると意訳で「焔の御子」
sielp,せせらぎ,シェルプ,名詞,中央正純律,
sik,"離れる, 別れる",シク,動詞,クルトシエール律,
sii,秘密,シー,名詞,ヒュムノサーバー未登録,
siss,消す,シス,動詞,ヒュムノサーバー未登録,
skit,"契約, 約束",スキット,名詞,クルトシエール律,
slep,眠る,スレプ,動詞,中央正純律,
slepial,眠り,スレピアル,名詞,ヒュムノサーバー未登録,
slepir,"眠らせる, (活動を)停止させる",スレピア,動詞,古メタファルス律,
so,"そんなに, それほどに, そう",ソウ,不明,ヒュムノサーバー未登録,英語のsoと同義
soa,それ,ソァ,名詞,ヒュムノサーバー未登録,sorの誤字？
soare,祈り,ソアレ,名詞,ヒュムノサーバー未登録,
sol,"（日の光が）輝く, 燦々と照りつける",ソル,動詞,古メタファルス律,
sonwe,"歌う, 謳う",ソンウェ,動詞,古メタファルス律,
sor,それ,ソァ,名詞,中央正純律,
sorr,（主語定義）それ,ソラ,名詞,ヒュムノサーバー未登録,
sorra,（主語定義）それら,ソ[ﾙﾙ]ラ,名詞,ヒュムノサーバー未登録,
sorrc,証,ソーウォル（ク）,不明,ヒュムノサーバー未登録,
sos,"～ために, ～ための, ～ゆえに",ソス,副詞,中央正純律,
sosar,"魔術, 魔力",ソサル,名詞,中央正純律,mayaという魔法を現すヒュムノス語もあるが、そちらよりも、より呪文に特化したイメージ
spaha,国,スパーハ,名詞,ヒュムノサーバー未登録,
sphaela,世界,スファイェラ,名詞,新約パスタリエ,
sphilar,"精神, 心",スフィーラ,名詞,古メタファルス律,
spiritum,"魂, 魂の",スピリトゥム,名詞,中央正純律,
spitze,自由,シュピッツエ,名詞,中央正純律,
ssvid,"生存する, （辛うじて）生き残る",スヴィッド,動詞,ヒュムノサーバー未登録,
stel,"取る, 奪う, 盗む",ステル,動詞,中央正純律,強引に取る場合。負の行動としての取る。
stelled,"取り合う, 奪い合う",ステレド,動詞,中央正純律,強引に取り合う場合。負の行動としての取る。
stellod,"取り合う, 奪い合う",ステロド,動詞,ヒュムノサーバー未登録,
stelo,"取る, 奪う, 盗む",ステッロ,不明,ヒュムノサーバー未登録,
swant,"助ける, 救う",スワント,動詞,中央正純律,suwant は誤字（編纂室１４回より）
swantes,"救い, 救済",スワンテス,名詞,ヒュムノサーバー未登録,
syalea,"決意, 覚悟",シャレア,名詞,ヒュムノサーバー未登録,
syana,"愛, 想い",シャナ,名詞,ヒュムノサーバー未登録,
syast,"集う, 集結する",シャスト,動詞,中央正純律,
syeary,魂？,シャーリィ,名詞,ヒュムノサーバー未登録,
syearr,祈る,シャール,動詞,ヒュムノサーバー未登録,
syec,"深淵, 深いところ, 底, ～の下",セク,名詞,クルトシエール律,物理的ではない、主に「心」やメンタル、精神世界の表現語として使う。
syezo,"液体, スープ？",シェゾ,名詞,ヒュムノサーバー未登録,
synk,重なる,シンク,動詞,中央正純律,
syunaht,"消え去る, 消し飛ぶ",シュナット,動詞,クルトシエール律,
t.h.s.,"当たる, 外に出る？",ティハス,動詞,ヒュムノサーバー未登録,
t.k.d.,"届く, 届ける",トクト,動詞,新約パスタリエ,
t.h.k.t.,求める,トゥハクト,動詞,ヒュムノサーバー未登録,
t.n.,"止める, やめる (名詞: 停止, 静止)",トゥン,動詞,新約パスタリエ,
t.n.m.n,"(種を)まく, 植える, 蒔く",トンムン,動詞,新約パスタリエ,
t.n.m.n.,"(種を)まく, 植える, 蒔く",トンムン,動詞,ヒュムノサーバー未登録,t.n.m.nの誤字？
t.r.m,"展開する, 咲かせる, 実現する, 現れる",トルム,動詞,新約パスタリエ,
tafane,輝く,タファーネ,形容詞,ヒュムノサーバー未登録,
takii,優しさ,タキー,名詞,ヒュムノサーバー未登録,
talam,"東雲色, 明け方, 暁, 黎明",ターラン,名詞,新約パスタリエ,
talfato,"出逢う, 巡りあう",タルファトー,動詞,ヒュムノサーバー未登録,
tanta,舞う,タンタ,動詞,中央正純律,
tapa,水,タパ,名詞,新約パスタリエ,
tarfe,"止まる, 留まる, 待機する",ターフェ,動詞,中央正純律,
targue,"たとえ～だとしても, それでも",ターグエ,副詞,新約パスタリエ,
tasim,"苦悩する, 葛藤する, 迷う",タシム,動詞,ヒュムノサーバー未登録,
tasyue,捧げる,ターシュエ,動詞,古メタファルス律,
tatakafria,"命, 生命",タタカフリア,名詞,ヒュムノサーバー未登録,
tea,"直後, まもなく, すぐに",テア,副詞,ヒュムノサーバー未登録,
tek,行く,テク,動詞,中央正純律,
terrfa,広がる？,テルファ,動詞,ヒュムノサーバー未登録,
terrma,"配偶者, 夫, 妻",テルマ,不明,ヒュムノサーバー未登録,
tes,"～に, ～へ",テス,副詞,中央正純律,
teyys,"留まる, 残る, 居る, 居座る",テイス,動詞,中央正純律,英語のstayと同義
ther,"あれ, あの",ジァ,名詞,中央正純律,
tictim,"操る, 操作する, 意のままにする",ティクティム,動詞,中央正純律,
tie,"捕まえる, 拘束する, 捉える",ティエ,動詞,クルトシエール律,
tie,～に対して,ティエ,副詞,新約パスタリエ,対象を特定・指定する。
tienar,"続く, 継続",ティエナ,動詞,ヒュムノサーバー未登録,
tilanta,静かな,ティランタ,形容詞,ヒュムノサーバー未登録,
tim,時,ティム,名詞,ヒュムノサーバー未登録,
titia,"善意, 善性",ティティア,名詞,新約パスタリエ,
titil,小物,ティティル,名詞,クルトシエール律,
titilia,小さい,ティティリア,形容詞,クルトシエール律,
tn,変数,ティーエヌ,コマンド,ヒュムノサーバー未登録,
toe,"結ぶ, 繋ぐ",トエ,動詞,ヒュムノサーバー未登録,
tonelico,神木,トネリコ,名詞,ヒュムノサーバー未登録,
tota,ふさわしい,トタ,形容詞,ヒュムノサーバー未登録,
tou,～に,トゥ,副詞,中央正純律,
toya,"添う, 従う, 果たす",トヤ,不明,ヒュムノサーバー未登録,
trina,,トゥリナ,不明,ヒュムノサーバー未登録,
trix,物理体の融解合を行う,トリクス,コマンド,ヒュムノサーバー未登録,
ttu,～するために,ツトウ,副詞,新約パスタリエ,
ture,絆,トゥーレ,名詞,ヒュムノサーバー未登録,
tussu,変化,トゥッス,名詞,新約パスタリエ,
twor,明日,トウォール,名詞,ヒュムノサーバー未登録,
tyui,"小さい, 小さな",トゥュイ,形容詞,新約パスタリエ,
tyuss,"僅かに, 少し",テュス,形容詞,ヒュムノサーバー未登録,量を表す
ubiestobo,殺す,ウビエストーボ,動詞,ヒュムノサーバー未登録,
ubitio,"愛, 狂愛, 偏愛",ウビティオ,名詞,ヒュムノサーバー未登録,死と隣り合わせ、狂愛の語が近い
ubititoe,"愛する, 愛しい",ウビティトーエ,不明,ヒュムノサーバー未登録,
ugi,"決める, 選ぶ, 選択する",ウージ,動詞,クルトシエール律,
uje,"残酷, 惨い",ウジェ,名詞,ヒュムノサーバー未登録,
ujes,悪意,ウジェス,名詞,新約パスタリエ,
unloee,"平伏す, 屈従する, 降伏する, 従属する",アンロイ,動詞,中央正純律,
urdm,"状況, 状態",ウルドゥム,名詞,ヒュムノサーバー未登録,
urgn,嘆き,ウルグン,名詞,新約パスタリエ,
urnaa,,ウルナァ,不明,ヒュムノサーバー未登録,
urr,"現れる, (見えなかったものが)顕れる, 体現する, 具現化する",ウル,動詞,中央正純律,
urrmie,"娘, 王女",ウルミエ,名詞,ヒュムノサーバー未登録,
ut,"～に, ～へ",ウトゥ,副詞,新約パスタリエ,英語のtoと同義
utabi,再び？,ウタビ,形容詞,ヒュムノサーバー未登録,
uteu,"まどろむ, 微睡, まどろみ",ウテゥ,動詞,クルトシエール律,
v.a,"生む, 紡ぐ (名詞: 誕生)",ヴァ,動詞,新約パスタリエ,
v.s.k,"体感する, 実感する, 経験する",ヴィスク,動詞,新約パスタリエ,
v.t,生きる (名詞: 生命),ヴッ,動詞,新約パスタリエ,
v.t.,生きる (名詞: 生命),ヴッ,動詞,ヒュムノサーバー未登録,v.tの誤字？
vaffa,"払う, 払いのける",ヴァッファ,動詞,ヒュムノサーバー未登録,
vale,"寝台, 棺",ヴェイル,名詞,ヒュムノサーバー未登録,
vallne,"息子, 子息, 子供",ヴァルネ,不明,ヒュムノサーバー未登録,
valwa,浄化する,バルワ,動詞,中央正純律,
vamue,,,不明,ヒュムノサーバー未登録,
van,"～であっても, しようとも, 未だ, まだ",ヴァン,副詞,古メタファルス律,
vancck,"重圧, 重荷",ヴァンク,名詞,ヒュムノサーバー未登録,
varda,大樹,ヴァルダ,名詞,古メタファルス律,
vega,"ここ, この",ヴェガ,副詞,新約パスタリエ,
vege,"その, そこ",ヴェジェ,副詞,新約パスタリエ,
velsog,"戦い, 戦争",,名詞,ヒュムノサーバー未登録,
vew,誕生日,ヴェウ,名詞,ヒュムノサーバー未登録,
vezedo,"必ず, 絶対に",ヴェゼド,副詞,ヒュムノサーバー未登録,
vianchiel,"無垢の, 穢れなき, 清らかな, 美しい",ヴィアンシエール,形容詞,古メタファルス律,
vie,"～も, また",ヴィエ,不明,ヒュムノサーバー未登録,
viega,"刃, 剣",ヴィエーガ,名詞,古メタファルス律,
viela,"一緒に, 共に？",ヴィエラ,不明,ヒュムノサーバー未登録,
vigiga,"冷たい, 冷えた, 凍てる",ヴィギガ,形容詞,ヒュムノサーバー未登録,
vinan,"白, 白い",ヴィナン,形容詞,中央正純律,
vine,"酒, 果実酒, 葡萄酒",ヴィーネ,名詞,中央正純律,酒精の代名詞
viss,"読む, 読み取る",ヴィス,動詞,中央正純律,
vit,見る,ヴィット,動詞,クルトシエール律,
viuy,"翳る, 影になる, 曇る",ヴィウ,形容詞,ヒュムノサーバー未登録,
vl,"～から, ～より",ヴル,副詞,ヒュムノサーバー未登録,
vonn,闇,ヴォン,名詞,中央正純律,
vurumely,啓示する,ヴァルメライ,動詞,ヒュムノサーバー未登録,
w.f.,～したい,ウフ,動詞,新約パスタリエ,
w.h.h.,"感じる (名詞: 感受, 感知)",ヲゥ,動詞,新約パスタリエ,
w.n.s,訪れる (名詞: 来訪、訪れ),ウンス,動詞,新約パスタリエ,
w.r.l,目指す (名詞: 目標),ウルル,動詞,新約パスタリエ,
w.r.m.,照らす,ワルム,動詞,新約パスタリエ,
w.r.g.,,ウルグ,動詞,ヒュムノサーバー未登録,英語の「must」？
w.s.,与える,ウス,動詞,新約パスタリエ,
w.s.r.,"忘れる, 失念する",ウスル,動詞,ヒュムノサーバー未登録,
w.s.s.,讃える,ワッセ,動詞,ヒュムノサーバー未登録,
w.w.j.n.c.,共鳴する (名詞: 共感),ウージャンク,動詞,新約パスタリエ,
waath,再生する,ワース,動詞,中央正純律,
waats,大切な,ワーツ,形容詞,中央正純律,
wael,"喜ぶ, 嬉しい",ワェール,動詞,中央正純律,
waglialre,託す？,ワグリアーレ,不明,ヒュムノサーバー未登録,
walaen,人生,ワラエン,名詞,クルトシエール律,
walaka,歩く,ワラカ,動詞,中央正純律,
walasye,人間,ワラーシェ,名詞,クルトシエール律,
walphish,人魚,ワルフィッシュ,名詞,クルトシエール律,第一紀に海に住んでいた神
warce,"祝福, 祝い",ワーシェ,名詞,中央正純律,
ware,"～の時に, ～の中で",ワーレ,副詞,中央正純律,
warma,温かい,ワーマ,形容詞,中央正純律,
wart,言葉,ワート,名詞,中央正純律,
wasa,"強く, 強烈に",ワザ,形容詞,ヒュムノサーバー未登録,
wasara,豊か,ワサラ,形容詞,中央正純律,
wase,"強烈な, 強烈に, とても, 滅茶苦茶, 強く",ウェイズ,形容詞,クルトシエール律,
wassa,"祭典, 祭り",ワッサ,名詞,クルトシエール律,
wassee,"賞賛, 讃えよ！",ワッセー,動詞,ヒュムノサーバー未登録,
watt,"びっくりする, 驚く",ワット,動詞,クルトシエール律,
wazx,～しよう,ワズク,副詞,ヒュムノサーバー未登録,英語で言うところのLet's?
we,～よりも,ウェ,副詞,中央正純律,
weak,月,ウィアク,名詞,中央正純律,
weaken,右,ウィアケン,名詞,ヒュムノサーバー未登録,
wearequewie,"望む, 願う, 希望する",ワーレクワイエ,動詞,古メタファルス律,神頼みをする時のような、内向的な想い
weareqye,"望み, 祈り, 願い, 希望",ワーレクィエ,名詞,ヒュムノサーバー未登録,
weel,"叶って！, 望む, 願う",ウィー,動詞,中央正純律,こうなって欲しいという明確なヴィジョンがある、外向的な想い
ween,"～の中に, 中で（状態を表す助詞）",ウィン,副詞,中央正純律,英語のinと同義（文脈によっては必ずしも必要ではない）
wefa,"暖かい, 暖かな",ウェファ,形容詞,ヒュムノサーバー未登録,
werllra,"涙, 雫",ウィルラ,名詞,古メタファルス律,
werlwe,"泣く, 涙する",ウィルウェ,動詞,古メタファルス律,
wet,,ウェット,副詞,ヒュムノサーバー未登録,
whai,なぜ～なのだろう,ファイ,副詞,中央正純律,
whalt,今こそ,ワルト,副詞,ヒュムノサーバー未登録,
wharn,腕,ワーン,名詞,中央正純律,
whou,～する者,フォウ,副詞,中央正純律,
wi,"その, そこの",ウィ,副詞,中央正純律,
wiaa,,,名詞,ヒュムノサーバー未登録,
wiene,"音, 音色",ウィエネ,名詞,ヒュムノサーバー未登録,
willie,"弱い, 儚い, 脆い",ウィリ,形容詞,中央正純律,
wim,娘,ウィム,名詞,中央正純律,
wirtamarls,国,ウィルタマール,名詞,ヒュムノサーバー未登録,ただこれは意訳染みてる（天国…とか）ので、王国的な国はspahaを使う方が良さげ
wis,～である,ヴィス,副詞,古メタファルス律,
won,～の上に,ウォン,副詞,中央正純律,状態を表す助詞、英語のonと同義
woth,,ウォス,不明,ヒュムノサーバー未登録,
x.,主語動詞,ズ,動詞,新約パスタリエ,
x.nohul,"辿る, 進む, 向かう",,動詞,ヒュムノサーバー未登録,xUは主語定義部分のコピペミスでnohulの可能性も有り
x.v,"壊す, 破壊する, コワレロ",,動詞,ヒュムノサーバー未登録,
x.y.n.,傷つく (名詞: 傷),ザイン,動詞,ヒュムノサーバー未登録,
xactin,"答え, 応え, 返事, 回答",ザクティン,名詞,ヒュムノサーバー未登録,
xaczor,"問い, 疑問",ザクツァー,名詞,ヒュムノサーバー未登録,
xava,傷,ザヴァ,名詞,ヒュムノサーバー未登録,
xe,給え,ジ,副詞,クラスタ律,英語のtoと同義 より塔に尊敬の感情を明確に伝えたい場合に使用する例：xe khal(護り給え) あまり常用される単語ではない
xest,変換する,ゼスト,動詞,クルトシエール律,
xevxl,絶望,ゼヴザル,名詞,ヒュムノサーバー未登録,
xthos,,ゾス,不明,ヒュムノサーバー未登録,
xl,～の時から,クセル,副詞,中央正純律,
xorg,傲慢な,ゾーグ,形容詞,ヒュムノサーバー未登録,
y.g.l,誓う,イグル,動詞,ヒュムノサーバー未登録,
y.g.r.r.,疎む,ユグルル,動詞,ヒュムノサーバー未登録,
y.m.q.,実る (名詞: 実り),ヤンク,動詞,新約パスタリエ,
y.y.,癒す (名詞: 癒し),ヤヤ,動詞,新約パスタリエ,
y.z.t.,"願う, 望む (名詞: 願い, 望み)",ヤズット,動詞,新約パスタリエ,
yaha,笑う,ヤハ,動詞,中央正純律,
yanje,"ずっと, 永遠に",ヤニェ,副詞,中央正純律,
yanwe,大事にする,ヤンウェ,動詞,中央正純律,
yanyaue,大切な,ヤンヤゥエ,形容詞,古メタファルス律,
yart,出逢う,ヤート,動詞,中央正純律,
yaserwe,"リラックスする, 安らぐ, 落ち着く, 安心する",ヤサーウェ,動詞,中央正純律,
yasra,"優しい, 穏やか",ヤスラ,形容詞,古メタファルス律,
yassa,"クリアする, 達成する",ヤッサ,動詞,中央正純律,
yatse,与える,ヤッセ,動詞,中央正純律,肯定的な感情
yeal,"線, 紐, 絆",イェーア,名詞,クルトシエール律,意訳で絆
yeeel,遠い,イェール,形容詞,クルトシエール律,
yehah,幸せ,イェハー,名詞,中央正純律,
yeharr,幸せな,イェハー[ﾙ],形容詞,ヒュムノサーバー未登録,
yehar,"解放する, 解き放つ",イェハール,動詞,古メタファルス律,
yerwe,"鳴く, 囀る",イェーウェ,動詞,古メタファルス律,
yesse,"育てる, 育む",イェッセ,動詞,ヒュムノサーバー未登録,
yestidi,,イェスティディ,不明,ヒュムノサーバー未登録,
yetere,そうすれば～,イェーテレ,副詞,中央正純律,
ylviiyna,切なる,イルヴィーナ,形容詞,ヒュムノサーバー未登録,
yor,"あなた, 貴方",ヨア,名詞,中央正純律,
yora,"あなたたち, 貴方たち, 貴方達",ヨラ,名詞,中央正純律,
yorr,"（主語定義）あなた, 貴方, 貴女",ヨ[ルル],名詞,中央正純律,主語定義専用
yorra,"（主語定義）あなたたち, 貴方たち, 貴方達, 貴女達",ヨ[ルル]ラ,名詞,中央正純律,主語定義専用
yos,"あなたの, 貴方の, 貴女の, 貴方が",ヨス,名詞,中央正純律,
yosyua,"慰める, 宥める",ヨシュア,動詞,中央正純律,
yubene,,,不明,ヒュムノサーバー未登録,
yuez,互いに,ユェゼ,副詞,中央正純律,
yulun,"溶かす, 和らげる",ユルン,動詞,ヒュムノサーバー未登録,
yura,バランス,ユラ,名詞,中央正純律,
yurfe,幻,ユーフェ,名詞,ヒュムノサーバー未登録,
z.w.d.,迷う,ズウドゥ,動詞,ヒュムノサーバー未登録,
z.z.x.,絶望する (名詞: 絶望),ズィークス,動詞,新約パスタリエ,
za,すること,ザ,接尾辞,ヒュムノサーバー未登録,新約パスタリエの接尾辞。動詞が原型の場合は単体の単語として使用される。
zaarn,"海原, 海, 波",ザールン,名詞,ヒュムノサーバー未登録,
zadius,憎悪,ザディウス,名詞,古メタファルス律,
zaffur,"抵抗, 足掻き",ザッファ,名詞,ヒュムノサーバー未登録,
zahia,,,不明,ヒュムノサーバー未登録,
zahha,"進む, 進行",ザッハ,動詞,クルトシエール律,騎士隊のように、大勢で行軍するときに用いる。勇敢な様。
zalez,滝,ザーレズ,名詞,新約パスタリエ,
zarle,"(雨が)降る, 降り注ぐ",ザール,動詞,中央正純律,
zarnn,嵐,ザルン,名詞,ヒュムノサーバー未登録,
zas,"とても, 最も",ザス,不明,ヒュムノサーバー未登録,
zash,"痛い, 苦痛",ザッシュ,形容詞,中央正純律,動詞として使用している例もあり？
zassyen,泳ぐ,ザッシェン,動詞,中央正純律,
zauve,"怜悧な, 賢い",ザーベ,形容詞,クルトシエール律,
zayea,"最期（の）, 渾身の",ザイヤ,不明,ヒュムノサーバー未登録,
zayyo,,ザヨ,不明,ヒュムノサーバー未登録,
zeeth,鎖,ジーズ,名詞,中央正純律,
zenva,"飛び越える, 超越する",ツェンヴァ,動詞,中央正純律,
zess,～ように,ゼス,副詞,新約パスタリエ,
zethpa,斬りつける,ゼスパ,動詞,中央正純律,
zetsfy,残酷,ゼッツファイ,名詞,クルトシエール律,
xinfar,"望み, 理想",ジンファー,名詞,ヒュムノサーバー未登録,
zixxa,意地,ジーザ,名詞,ヒュムノサーバー未登録,
zodal,"死せる, 死の",ゾダル,形容詞,古メタファルス律,
zodaw,死,ゾダウ,名詞,古メタファルス律,
zuieg,"権力, 権限",ズウィーグ,名詞,アルファ律,
zwihander,"勝ち, 勝利(する), 勝者",ツヴァイヘンデル,名詞,中央正純律,
zz,否定,ズー,副詞,新約パスタリエ,
zzx,,ゼクス,名詞,ヒュムノサーバー未登録,
#ERROR!,,タブ,コマンド,ヒュムノサーバー未登録,
>>,変換,トラス,コマンド,中央正純律,
->,～ならば,パス,コマンド,ヒュムノサーバー未登録,ファンクション定義、Xc=AAA->BBBでifの構文
<-x,これ,スパグ,コマンド,新約パスタリエ,
Xc=,もし,ゼク,コマンド,ヒュムノサーバー未登録,Xc=AAA->BBBでifの構文
0x,定義内容による,オグ,コマンド,ヒュムノサーバー未登録,変数？
1x,定義内容による,イグ,コマンド,ヒュムノサーバー未登録,変数？
2x,定義内容による,ジグ,コマンド,ヒュムノサーバー未登録,変数？
vvi,ここからスタート,ヴィヴィ,コマンド,ヒュムノサーバー未登録,想音の保証定義構文
AAs,感情を,アース,コマンド,ヒュムノサーバー未登録,想音の保証定義構文
ixi,ここで止める,イクシ,コマンド,ヒュムノサーバー未登録,想音の保証定義構文
chmod,チェンジモード,チモード,コマンド,ヒュムノサーバー未登録,塔の権限変更。パーミッションで設定する。前から最高権限者・自分のグループ・他のグループ
D_CELL,Ｄセロファン,ディーセル,システム,ヒュムノサーバー未登録,
SH,定常H波,エスエイチ,システム,ヒュムノサーバー未登録,Static Hymmno. H波はHymmno wave、D波はDetail wave
HALT,停止,ハルト,コマンド,ヒュムノサーバー未登録,
DIA,入力,ディア,コマンド,ヒュムノサーバー未登録,ダイアログ